game_num,year,target,guesses,guess_count,failed
0,2021,cigar,slate-corny-cigar,3,False
1,2021,rebut,slate-deter-merit-rebut,4,False
2,2021,sissy,slate-chirp-squid-sissy,4,False
3,2021,humph,slate-crony-humid-humph,4,False
4,2021,awake,slate-prick-awake,3,False
5,2021,blush,slate-floss-blush,3,False
6,2021,focal,slate-molly-focal,3,False
7,2021,evade,slate-prick-evade,3,False
8,2021,naval,slate-molar-banal-naval,4,False
9,2021,serve,slate-chirp-serve,3,False
10,2021,heath,slate-death-heath,3,False
11,2021,dwarf,slate-grind-dwarf,3,False
12,2021,model,slate-never-model,3,False
13,2021,karma,slate-corny-karma,3,False
14,2021,stink,slate-pinot-sting-stink,4,False
15,2021,grade,slate-prick-grave-grade,4,False
16,2021,quiet,slate-deter-comet-quiet,4,False
17,2021,bench,slate-diner-xenon-bench,4,False
18,2021,abate,slate-corgi-abate,3,False
19,2021,feign,slate-diner-eking-feign,4,False
20,2021,major,slate-corny-armor-major,4,False
21,2021,death,slate-meaty-death,3,False
22,2021,fresh,slate-runes-fresh,3,False
23,2021,crust,slate-trout-crust,3,False
24,2021,stool,slate-split-stool,3,False
25,2021,colon,slate-dilly-color-colon,4,False
26,2021,abase,slate-cease-phase-abase,4,False
27,2021,marry,slate-corny-parry-marry,4,False
28,2021,react,slate-enact-react,3,False
29,2021,batty,slate-corny-fatty-patty-batty,5,False
30,2021,pride,slate-doing-bride-pride,4,False
31,2021,floss,slate-floss,2,False
32,2021,helix,slate-never-cello-helix,4,False
33,2021,croak,slate-corny-croak,3,False
34,2021,staff,slate-drift-staff,3,False
35,2021,paper,slate-radar-pygmy-paper,4,False
36,2021,unfed,slate-diner-unwed-unfed,4,False
37,2021,whelp,slate-never-dwell-whelk-whelp,5,False
38,2021,trawl,slate-trail-trawl,3,False
39,2021,outdo,slate-count-outdo,3,False
40,2021,adobe,slate-garbo-adobe,3,False
41,2021,crazy,slate-churn-yikes-crazy,4,False
42,2021,sower,slate-hired-sewer-sower,4,False
43,2021,repay,slate-cedar-repay,3,False
44,2021,digit,slate-count-drift-digit,4,False
45,2021,crate,slate-corgi-crate,3,False
46,2021,cluck,slate-flunk-pluck-cluck,4,False
47,2021,spike,slate-chirp-spine-spike,4,False
48,2021,mimic,slate-crony-pubic-mimic,4,False
49,2021,pound,slate-crony-bound-whomp-pound,5,False
50,2021,maxim,slate-corny-mafia-maxim,4,False
51,2021,linen,slate-never-liken-linen,4,False
52,2021,unmet,slate-deter-comet-unmet,4,False
53,2021,flesh,slate-flesh,2,False
54,2021,booby,slate-crony-dough-boozy-booby,5,False
55,2021,forth,slate-briny-forth,3,False
56,2021,first,slate-droit-first,3,False
57,2021,stand,slate-pinch-stand,3,False
58,2021,belly,slate-never-cello-belly,4,False
59,2021,ivory,slate-crony-ivory,3,False
60,2021,seedy,slate-hired-seedy,3,False
61,2021,print,slate-count-print,3,False
62,2021,yearn,slate-derby-yearn,3,False
63,2021,drain,slate-churn-build-drain,4,False
64,2021,bribe,slate-doing-crime-bribe,4,False
65,2021,stout,slate-pinot-scout-shout-stout,5,False
66,2021,panel,slate-rangy-panel,3,False
67,2021,crass,slate-crags-crass,3,False
68,2021,flume,slate-bipod-fluke-flume,4,False
69,2021,offal,slate-molly-afoul-offal,4,False
70,2021,agree,slate-corgi-agree,3,False
71,2021,error,slate-diner-femur-error,4,False
72,2021,swirl,slate-skill-swirl,3,False
73,2021,argue,slate-cairn-argue,3,False
74,2021,bleed,slate-freed-bleed,3,False
75,2021,delta,slate-delta,2,False
76,2021,flick,slate-flunk-flick,3,False
77,2021,totem,slate-deter-often-totem,4,False
78,2021,wooer,slate-diner-whomp-wooer,4,False
79,2021,front,slate-churn-front,3,False
80,2021,shrub,slate-chirp-shrub,3,False
81,2021,parry,slate-corny-parry,3,False
82,2021,biome,slate-doing-biome,3,False
83,2021,lapel,slate-rangy-lymph-lapel,4,False
84,2021,start,slate-pinch-smart-start,4,False
85,2021,greet,slate-deter-greet,3,False
86,2021,goner,slate-diner-owner-goner,4,False
87,2021,golem,slate-never-bumpy-golem,4,False
88,2021,lusty,slate-lusty,2,False
89,2021,loopy,slate-dilly-loopy,3,False
90,2021,round,slate-crony-rhino-round,4,False
91,2021,audit,slate-tarot-audit,3,False
92,2021,lying,slate-dilly-lying,3,False
93,2021,gamma,slate-corny-mafia-gamma,4,False
94,2021,labor,slate-molly-afoul-labor,4,False
95,2021,islet,slate-islet,2,False
96,2021,civic,slate-crony-chump-civic,4,False
97,2021,forge,slate-doing-forge,3,False
98,2021,corny,slate-crony-corny,3,False
99,2021,moult,slate-guilt-moult,3,False
100,2021,basic,slate-oasis-basic,3,False
101,2021,salad,slate-hydro-salad,3,False
102,2021,agate,slate-grate-agate,3,False
103,2021,spicy,slate-chirp-spicy,3,False
104,2021,spray,slate-curvy-spray,3,False
105,2021,essay,slate-ashen-essay,3,False
106,2021,fjord,slate-crony-fjord,3,False
107,2021,spend,slate-hired-spend,3,False
108,2021,kebab,slate-cedar-began-kebab,4,False
109,2021,guild,slate-dilly-build-guild,4,False
110,2021,aback,slate-churn-aback,3,False
111,2021,motor,slate-churn-robot-motor,4,False
112,2021,alone,slate-vinyl-alone,3,False
113,2021,hatch,slate-tarot-combs-hatch,4,False
114,2021,hyper,slate-diner-whomp-hyper,4,False
115,2021,thumb,slate-churn-thumb,3,False
116,2021,dowry,slate-crony-rowdy-dowry,4,False
117,2021,ought,slate-churn-ought,3,False
118,2021,belch,slate-never-belch,3,False
119,2021,dutch,slate-count-butch-hutch-dutch,5,False
120,2021,pilot,slate-guilt-limit-pilot,4,False
121,2021,tweed,slate-deter-tweed,3,False
122,2021,comet,slate-deter-covet-comet,4,False
123,2021,jaunt,slate-tarot-dough-jaunt,4,False
124,2021,enema,slate-cedar-haven-enema,4,False
125,2021,steed,slate-strep-steed,3,False
126,2021,abyss,slate-oasis-abyss,3,False
127,2021,growl,slate-dilly-growl,3,False
128,2021,fling,slate-flunk-fling,3,False
129,2021,dozen,slate-diner-dozen,3,False
130,2021,boozy,slate-crony-dough-boozy,4,False
131,2021,erode,slate-doing-erode,3,False
132,2021,world,slate-dilly-could-world,4,False
133,2021,gouge,slate-grind-gouge,3,False
134,2021,click,slate-bipod-clink-click,4,False
135,2021,briar,slate-crony-prima-friar-briar,5,False
136,2021,great,slate-treed-great,3,False
137,2021,altar,slate-float-altar,3,False
138,2021,pulpy,slate-dilly-bulky-pulpy,4,False
139,2021,blurt,slate-finch-blurt,3,False
140,2021,coast,slate-bronc-coast,3,False
141,2021,duchy,slate-crony-yucky-duchy,4,False
142,2021,groin,slate-crony-gibed-groin,4,False
143,2021,fixer,slate-diner-vamps-fiber-fixer,5,False
144,2021,group,slate-crony-dumbo-group,4,False
145,2021,rogue,slate-doing-gorge-rogue,4,False
146,2021,badly,slate-milly-badly,3,False
147,2021,smart,slate-pinch-smart,3,False
148,2021,pithy,slate-count-third-pithy,4,False
149,2021,gaudy,slate-crony-pudge-gaudy,4,False
150,2021,chill,slate-dilly-gruff-chill,4,False
151,2021,heron,slate-diner-heron,3,False
152,2021,vodka,slate-crony-audio-vodka,4,False
153,2021,finer,slate-diner-finer,3,False
154,2021,surer,slate-whirr-surer,3,False
155,2021,radio,slate-crony-favor-radio,4,False
156,2021,rouge,slate-doing-gorge-rouge,4,False
157,2021,perch,slate-diner-merry-perch,4,False
158,2021,retch,slate-deter-retro-retch,4,False
159,2021,wrote,slate-turbo-wrote,3,False
160,2021,clock,slate-bipod-frown-clock,4,False
161,2021,tilde,slate-lithe-tilde,3,False
162,2021,store,slate-nerve-store,3,False
163,2021,prove,slate-doing-probe-prove,4,False
164,2021,bring,slate-crony-bring,3,False
165,2021,solve,slate-smile-solve,3,False
166,2021,cheat,slate-treed-cheat,3,False
167,2021,grime,slate-dingo-grime,3,False
168,2021,exult,slate-intel-dwelt-exult,4,False
169,2021,usher,slate-runes-usher,3,False
170,2021,epoch,slate-diner-geeky-epoch,4,False
171,2021,triad,slate-tarot-triad,3,False
172,2021,break,slate-raced-freak-break,4,False
173,2021,rhino,slate-crony-rhino,3,False
174,2021,viral,slate-milly-rival-viral,4,False
175,2021,conic,slate-crony-conch-conic,4,False
176,2021,masse,slate-crump-masse,3,False
177,2021,sonic,slate-churn-sonic,3,False
178,2021,vital,slate-taint-vital,3,False
179,2021,trace,slate-trace,2,False
180,2021,using,slate-mochi-frisk-using,4,False
181,2021,peach,slate-beard-heavy-peach,4,False
182,2021,champ,slate-churn-champ,3,False
183,2021,baton,slate-tarot-baton,3,False
184,2021,brake,slate-prick-brake,3,False
185,2021,pluck,slate-bipod-clump-pluck,4,False
186,2021,craze,slate-grump-coven-craze,4,False
187,2021,gripe,slate-doing-beige-gripe,4,False
188,2021,weary,slate-beard-weary,3,False
189,2021,picky,slate-crony-yucky-picky,4,False
190,2021,acute,slate-acute,2,False
191,2021,ferry,slate-diner-merry-ferry,4,False
192,2021,aside,slate-bruin-aside,3,False
193,2021,tapir,slate-tarot-tapir,3,False
194,2021,troll,slate-guilt-hotly-troll,4,False
195,2021,unify,slate-crony-whips-unify,4,False
196,2022,rebus,slate-runes-rebus,3,False
197,2022,boost,slate-droit-boost,3,False
198,2022,truss,slate-droit-truss,3,False
199,2022,siege,slate-chirp-siege,3,False
200,2022,tiger,slate-deter-boing-tiger,4,False
201,2022,banal,slate-milly-canal-banal,4,False
202,2022,slump,slate-munch-slump,3,False
203,2022,crank,slate-churn-crank,3,False
204,2022,gorge,slate-doing-gorge,3,False
205,2022,query,slate-diner-merry-every-query,5,False
206,2022,drink,slate-crony-drink,3,False
207,2022,favor,slate-crony-favor,3,False
208,2022,abbey,slate-raced-apnea-abbey,4,False
209,2022,tangy,slate-tarot-fancy-tangy,4,False
210,2022,panic,slate-crony-manic-panic,4,False
211,2022,solar,slate-salon-solar,3,False
212,2022,shire,slate-chirp-shire,3,False
213,2022,proxy,slate-crony-proxy,3,False
214,2022,point,slate-count-joint-point,4,False
215,2022,robot,slate-count-robot,3,False
216,2022,prick,slate-crony-brick-prick,4,False
217,2022,wince,slate-doing-mince-wince,4,False
218,2022,crimp,slate-crony-crumb-crimp,4,False
219,2022,knoll,slate-dilly-knoll,3,False
220,2022,sugar,slate-curvy-sugar,3,False
221,2022,whack,slate-chord-whack,3,False
222,2022,mount,slate-count-mount,3,False
223,2022,perky,slate-diner-merry-jerky-perky,5,False
224,2022,could,slate-dilly-could,3,False
225,2022,wrung,slate-crony-drunk-wrung,4,False
226,2022,light,slate-guilt-light,3,False
227,2022,those,slate-tense-those,3,False
228,2022,moist,slate-droit-hoist-moist,4,False
229,2022,shard,slate-chink-shady-shard,4,False
230,2022,pleat,slate-cleat-bleat-pleat,4,False
231,2022,aloft,slate-aloft,2,False
232,2022,skill,slate-skill,2,False
233,2022,elder,slate-freed-elder,3,False
234,2022,frame,slate-grump-frame,3,False
235,2022,humor,slate-crony-furor-humor,4,False
236,2022,pause,slate-crump-pause,3,False
237,2022,ulcer,slate-foyer-ulcer,3,False
238,2022,ultra,slate-float-ultra,3,False
239,2022,robin,slate-crony-mondo-robin,4,False
240,2022,cynic,slate-crony-cynic,3,False
241,2022,aroma,slate-crony-aroma,3,False
242,2022,caulk,slate-milly-caulk,3,False
243,2022,shake,slate-parch-moved-shake,4,False
244,2022,dodge,slate-doing-dodge,3,False
245,2022,swill,slate-hilly-spill-swill,4,False
246,2022,tacit,slate-tarot-tacit,3,False
247,2022,other,slate-eider-outer-other,4,False
248,2022,thorn,slate-count-intro-thorn,4,False
249,2022,trove,slate-chirp-trove,3,False
250,2022,bloke,slate-bipod-bloke,3,False
251,2022,vivid,slate-crony-humid-vivid,4,False
252,2022,spill,slate-hilly-spill,3,False
253,2022,chant,slate-grunt-chant,3,False
254,2022,choke,slate-doing-bronc-choke,4,False
255,2022,rupee,slate-doing-puree-rupee,4,False
256,2022,nasty,slate-nymph-nasty,3,False
257,2022,mourn,slate-crony-donor-mourn,4,False
258,2022,ahead,slate-raced-amend-ahead,4,False
259,2022,brine,slate-doing-brine,3,False
260,2022,cloth,slate-blitz-cloth,3,False
261,2022,hoard,slate-grind-hoard,3,False
262,2022,sweet,slate-strep-sheet-sweet,4,False
263,2022,month,slate-briny-month,3,False
264,2022,lapse,slate-false-lapse,3,False
265,2022,watch,slate-tarot-crumb-patch-watch,5,False
266,2022,today,slate-tarot-today,3,False
267,2022,focus,slate-mochi-focus,3,False
268,2022,smelt,slate-steel-spelt-smelt,4,False
269,2022,tease,slate-tease,2,False
270,2022,cater,slate-treed-ranch-cater,4,False
271,2022,movie,slate-doing-movie,3,False
272,2022,saute,slate-saute,2,False
273,2022,allow,slate-agora-allow,3,False
274,2022,renew,slate-diner-renew,3,False
275,2022,their,slate-eider-their,3,False
276,2022,slosh,slate-hinky-slush-slosh,4,False
277,2022,purge,slate-doing-merge-purge,4,False
278,2022,chest,slate-hurst-chest,3,False
279,2022,depot,slate-eider-detox-depot,4,False
280,2022,epoxy,slate-diner-geeky-epoxy,4,False
281,2022,nymph,slate-crony-nymph,3,False
282,2022,found,slate-crony-bodhi-found,4,False
283,2022,shall,slate-hilly-shall,3,False
284,2022,stove,slate-stoke-stone-stove,4,False
285,2022,lowly,slate-dilly-lowly,3,False
286,2022,snout,slate-pinot-snort-snout,4,False
287,2022,trope,slate-chirp-trope,3,False
288,2022,fewer,slate-diner-whomp-fewer,4,False
289,2022,shawl,slate-wimpy-shawl,3,False
290,2022,natal,slate-taint-natal,3,False
291,2022,comma,slate-crony-comma,3,False
292,2022,foray,slate-crony-foray,3,False
293,2022,scare,slate-porch-scare,3,False
294,2022,stair,slate-pinch-staid-stair,4,False
295,2022,black,slate-brick-black,3,False
296,2022,squad,slate-curvy-squad,3,False
297,2022,royal,slate-milly-layup-royal,4,False
298,2022,chunk,slate-crony-chunk,3,False
299,2022,mince,slate-doing-mince,3,False
300,2022,shame,slate-morph-shame,3,False
301,2022,cheek,slate-diner-chock-cheek,4,False
302,2022,ample,slate-bangs-apple-ample,4,False
303,2022,flair,slate-brick-flair,3,False
304,2022,foyer,slate-diner-corby-foyer,4,False
305,2022,cargo,slate-carny-cargo,3,False
306,2022,oxide,slate-doing-oxide,3,False
307,2022,plant,slate-plant,2,False
308,2022,olive,slate-bipod-olive,3,False
309,2022,inert,slate-eider-merit-inert,4,False
310,2022,askew,slate-ashen-askew,3,False
311,2022,heist,slate-ruins-heist,3,False
312,2022,shown,slate-croup-shown,3,False
313,2022,zesty,slate-testy-zesty,3,False
314,2022,trash,slate-trans-trash,3,False
315,2022,larva,slate-milly-canal-larva,4,False
316,2022,forgo,slate-doing-forgo,3,False
317,2022,story,slate-pinot-stock-storm-story,5,False
318,2022,hairy,slate-crony-hardy-hairy,4,False
319,2022,train,slate-grunt-train,3,False
320,2022,homer,slate-diner-whomp-homer,4,False
321,2022,badge,slate-cairn-gauge-badge,4,False
322,2022,midst,slate-droit-midst,3,False
323,2022,canny,slate-carny-canny,3,False
324,2022,shine,slate-chirp-shine,3,False
325,2022,gecko,slate-diner-geeky-gecko,4,False
326,2022,farce,slate-corgi-farce,3,False
327,2022,slung,slate-hinky-slung,3,False
328,2022,tipsy,slate-trout-tipsy,3,False
329,2022,metal,slate-remap-metal,3,False
330,2022,yield,slate-never-dwell-field-yield,5,False
331,2022,delve,slate-bingo-levee-delve,4,False
332,2022,being,slate-diner-eking-being,4,False
333,2022,scour,slate-croup-scour,3,False
334,2022,glass,slate-packs-glass,3,False
335,2022,gamer,slate-raced-pygmy-gamer,4,False
336,2022,scrap,slate-curvy-scrap,3,False
337,2022,money,slate-diner-honey-money,4,False
338,2022,hinge,slate-doing-binge-hinge,4,False
339,2022,album,slate-agora-album,3,False
340,2022,vouch,slate-crony-pouch-vouch,4,False
341,2022,asset,slate-asset,2,False
342,2022,tiara,slate-chirp-tiara,3,False
343,2022,crept,slate-deter-erupt-crept,4,False
344,2022,bayou,slate-carny-bayou,3,False
345,2022,atoll,slate-hotly-atoll,3,False
346,2022,manor,slate-carny-manor,3,False
347,2022,creak,slate-raced-cream-creak,4,False
348,2022,showy,slate-chirp-shook-showy,4,False
349,2022,phase,slate-chase-phase,3,False
350,2022,froth,slate-briny-froth,3,False
351,2022,depth,slate-piety-depth,3,False
352,2022,gloom,slate-bipod-floor-gloom,4,False
353,2022,flood,slate-bipod-flood,3,False
354,2022,trait,slate-prong-craft-trait,4,False
355,2022,girth,slate-briny-girth,3,False
356,2022,piety,slate-teeth-piety,3,False
357,2022,goose,slate-rosin-dumpy-goose,4,False
358,2022,float,slate-bloat-float,3,False
359,2022,donor,slate-crony-donor,3,False
360,2022,atone,slate-bathe-atone,3,False
361,2022,primo,slate-crony-prior-primo,4,False
362,2022,apron,slate-carny-apron,3,False
363,2022,blown,slate-brink-blown,3,False
364,2022,cacao,slate-crony-cacao,3,False
365,2022,loser,slate-loser,2,False
366,2022,input,slate-count-input,3,False
367,2022,gloat,slate-bloat-gloat,3,False
368,2022,awful,slate-milly-canal-afoul-awful,5,False
369,2022,brink,slate-crony-drunk-brink,4,False
370,2022,smite,slate-spite-suite-smite,4,False
371,2022,beady,slate-beard-beady,3,False
372,2022,rusty,slate-fudgy-musty-rusty,4,False
373,2022,retro,slate-deter-retro,3,False
374,2022,droll,slate-dilly-droll,3,False
375,2022,gawky,slate-crony-pudge-gawky,4,False
376,2022,hutch,slate-count-butch-hutch,4,False
377,2022,pinto,slate-briny-ninth-pinto,4,False
378,2022,egret,slate-eider-egret,3,False
379,2022,lilac,slate-milly-lilac,3,False
380,2022,sever,slate-hired-sever,3,False
381,2022,field,slate-never-dwell-field,4,False
382,2022,fluff,slate-bipod-flunk-fluff,4,False
383,2022,agape,slate-grump-agape,3,False
384,2022,voice,slate-doing-voice,3,False
385,2022,stead,slate-stead,2,False
386,2022,berth,slate-tenth-berth,3,False
387,2022,madam,slate-crony-mafia-madam,4,False
388,2022,night,slate-count-night,3,False
389,2022,bland,slate-finch-bland,3,False
390,2022,liver,slate-never-liver,3,False
391,2022,wedge,slate-doing-bluff-hedge-wedge,5,False
392,2022,roomy,slate-crony-roomy,3,False
393,2022,wacky,slate-crony-wacky,3,False
394,2022,flock,slate-bucko-flock,3,False
395,2022,angry,slate-crony-angry,3,False
396,2022,trite,slate-turbo-trite,3,False
397,2022,aphid,slate-crony-mafia-aphid,4,False
398,2022,tryst,slate-roust-grist-tryst,4,False
399,2022,midge,slate-doing-ridge-midge,4,False
400,2022,power,slate-diner-whomp-power,4,False
401,2022,elope,slate-pudge-elope,3,False
402,2022,cinch,slate-crony-cinch,3,False
403,2022,motto,slate-briny-motto,3,False
404,2022,stomp,slate-pinot-stomp,3,False
405,2022,upset,slate-ruins-upset,3,False
406,2022,bluff,slate-bipod-bluff,3,False
407,2022,cramp,slate-grind-crack-cramp,4,False
408,2022,quart,slate-prong-chart-quart,4,False
409,2022,coyly,slate-dilly-bronc-coyly,4,False
410,2022,youth,slate-briny-youth,3,False
411,2022,rhyme,slate-doing-crepe-rhyme,4,False
412,2022,buggy,slate-crony-dumpy-buzzy-buggy,5,False
413,2022,alien,slate-argon-alien,3,False
414,2022,smear,slate-infer-whoop-smear,4,False
415,2022,unfit,slate-count-unfit,3,False
416,2022,patty,slate-carny-fatty-patty,4,False
417,2022,cling,slate-bipod-clink-cling,4,False
418,2022,glean,slate-groan-glean,3,False
419,2022,label,slate-rangy-limbo-label,4,False
420,2022,hunky,slate-crony-dough-hunky,4,False
421,2022,khaki,slate-grind-khaki,3,False
422,2022,poker,slate-diner-corby-whomp-poker,5,False
423,2022,gruel,slate-never-cruel-gruel,4,False
424,2022,twice,slate-chirp-twice,3,False
425,2022,twang,slate-prong-twang,3,False
426,2022,shrug,slate-chirp-shrug,3,False
427,2022,treat,slate-treed-treat,3,False
428,2022,waste,slate-bitch-paste-taste-waste,5,False
429,2022,merit,slate-eider-merit,3,False
430,2022,woven,slate-diner-women-woken-woven,5,False
431,2022,needy,slate-diner-needy,3,False
432,2022,clown,slate-bipod-flown-clown,4,False
433,2022,irony,slate-crony-irony,3,False
434,2022,ruder,slate-diner-odder-ruder,4,False
435,2022,gauze,slate-corgi-gaffe-gauze,4,False
436,2022,chief,slate-diner-chief,3,False
437,2022,onset,slate-reins-onset,3,False
438,2022,prize,slate-doing-crime-prize,4,False
439,2022,fungi,slate-crony-unzip-fungi,4,False
440,2022,charm,slate-grind-charm,3,False
441,2022,gully,slate-dilly-gofer-gully,4,False
442,2022,inter,slate-eider-inter,3,False
443,2022,whoop,slate-crony-whoop,3,False
444,2022,taunt,slate-tarot-taint-taunt,4,False
445,2022,leery,slate-never-leery,3,False
446,2022,class,slate-chops-class,3,False
447,2022,theme,slate-chirp-theme,3,False
448,2022,lofty,slate-filth-lofty,3,False
449,2022,tibia,slate-orbit-tibia,3,False
450,2022,booze,slate-doing-force-booze,4,False
451,2022,alpha,slate-agora-alpha,3,False
452,2022,thyme,slate-chirp-thyme,3,False
453,2022,doubt,slate-count-doubt,3,False
454,2022,parer,slate-raced-pygmy-paver-parer,5,False
455,2022,chute,slate-tutor-chute,3,False
456,2022,stick,slate-pinot-stick,3,False
457,2022,trice,slate-chirp-trice,3,False
458,2022,alike,slate-alive-alike,3,False
459,2022,recap,slate-raced-recap,3,False
460,2022,saint,slate-privy-saint,3,False
461,2022,glory,slate-bipod-flown-glory,4,False
462,2022,grate,slate-grate,2,False
463,2022,admit,slate-carom-admit,3,False
464,2022,brisk,slate-mochi-frisk-brisk,4,False
465,2022,soggy,slate-unhip-smock-soggy,4,False
466,2022,usurp,slate-mochi-fussy-usurp,4,False
467,2022,scald,slate-pricy-scald,3,False
468,2022,scorn,slate-unhip-scorn,3,False
469,2022,leave,slate-leave,2,False
470,2022,twine,slate-chirp-twine,3,False
471,2022,sting,slate-pinot-sting,3,False
472,2022,bough,slate-crony-gumbo-bough,4,False
473,2022,marsh,slate-oasis-harsh-marsh,4,False
474,2022,sloth,slate-sloth,2,False
475,2022,dandy,slate-crony-handy-dandy,4,False
476,2022,vigor,slate-crony-furor-vigor,4,False
477,2022,howdy,slate-crony-budge-dowdy-howdy,5,False
478,2022,enjoy,slate-diner-envoy-enjoy,4,False
479,2022,valid,slate-milly-valid,3,False
480,2022,ionic,slate-crony-ionic,3,False
481,2022,equal,slate-rangy-medal-equal,4,False
482,2022,floor,slate-bipod-floor,3,False
483,2022,catch,slate-carom-catch,3,False
484,2022,spade,slate-parch-spade,3,False
485,2022,stein,slate-strep-stent-stein,4,False
486,2022,exist,slate-erect-exist,3,False
487,2022,quirk,slate-crony-quirk,3,False
488,2022,denim,slate-diner-denim,3,False
489,2022,grove,slate-doing-grope-grove,4,False
490,2022,spiel,slate-impel-spiel,3,False
491,2022,mummy,slate-crony-dumpy-gummy-mummy,5,False
492,2022,fault,slate-taint-fault,3,False
493,2022,foggy,slate-crony-budge-foggy,4,False
494,2022,flout,slate-flout,2,False
495,2022,carry,slate-crony-carry,3,False
496,2022,sneak,slate-preen-sneak,3,False
497,2022,libel,slate-never-bowel-libel,4,False
498,2022,waltz,slate-laity-waltz,3,False
499,2022,aptly,slate-taint-aptly,3,False
500,2022,piney,slate-diner-piney,3,False
501,2022,inept,slate-eider-inept,3,False
502,2022,aloud,slate-agora-aloof-aloud,4,False
503,2022,photo,slate-briny-mouth-photo,4,False
504,2022,dream,slate-raced-dream,3,False
505,2022,stale,slate-stale,2,False
506,2022,begin,slate-diner-eking-begin,4,False
507,2022,spell,slate-impel-spell,3,False
508,2022,rainy,slate-crony-rainy,3,False
509,2022,unite,slate-tutor-unite,3,False
510,2022,medal,slate-rangy-medal,3,False
511,2022,valet,slate-later-valet,3,False
512,2022,inane,slate-grump-heave-inane,4,False
513,2022,maple,slate-bangs-mulch-maple,4,False
514,2022,snarl,slate-scalp-snail-snarl,4,False
515,2022,baker,slate-ramen-porgy-wafer-baker,5,False
516,2022,there,slate-birch-there,3,False
517,2022,glyph,slate-bipod-clump-glyph,4,False
518,2022,avert,slate-treed-avert,3,False
519,2022,brave,slate-grump-crave-brave,4,False
520,2022,axiom,slate-crony-amigo-axiom,4,False
521,2022,prime,slate-doing-crime-prime,4,False
522,2022,drive,slate-doing-drive,3,False
523,2022,feast,slate-feast,2,False
524,2022,itchy,slate-tonic-hyped-itchy,4,False
525,2022,clean,slate-dreck-clean,3,False
526,2022,happy,slate-crony-pudge-happy,4,False
527,2022,tepid,slate-eider-fetid-tepid,4,False
528,2022,undue,slate-grind-undue,3,False
529,2022,study,slate-pinot-stuck-study,4,False
530,2022,eject,slate-eider-eject,3,False
531,2022,chafe,slate-grump-heave-chafe,4,False
532,2022,torso,slate-roust-torso,3,False
533,2022,adore,slate-corgi-adore,3,False
534,2022,woken,slate-diner-women-woken,4,False
535,2022,amber,slate-ramen-amber,3,False
536,2022,joust,slate-roust-joust,3,False
537,2022,infer,slate-diner-infer,3,False
538,2022,braid,slate-grind-braid,3,False
539,2022,knock,slate-crony-knock,3,False
540,2022,naive,slate-cairn-naive,3,False
541,2022,apply,slate-molly-daily-apply,4,False
542,2022,spoke,slate-chirp-spoke,3,False
543,2022,usual,slate-basil-usual,3,False
544,2022,rival,slate-molly-rubin-rival,4,False
545,2022,probe,slate-grind-probe,3,False
546,2022,chord,slate-prion-wordy-chord,4,False
547,2022,taper,slate-treed-skimp-taper,4,False
548,2022,slate,slate,1,False
549,2022,third,slate-court-third,3,False
550,2022,lunar,slate-molly-canal-lunar,4,False
551,2022,excel,slate-never-expel-excel,4,False
552,2022,aorta,slate-carny-aorta,3,False
553,2022,poise,slate-rosin-poise,3,False
554,2022,extra,slate-treed-extra,3,False
555,2022,judge,slate-grind-beefs-judge,4,False
556,2022,condo,slate-prion-dumbo-condo,4,False
557,2022,impel,slate-never-dumpy-impel,4,False
558,2022,havoc,slate-crony-havoc,3,False
559,2022,molar,slate-molly-molar,3,False
560,2022,manly,slate-molly-madly-manly,4,False
561,2023,whine,slate-grind-opine-whine,4,False
562,2023,skirt,slate-pinot-shift-skirt,4,False
563,2023,antic,slate-tabor-attic-antic,4,False
564,2023,layer,slate-rangy-layer,3,False
565,2023,sleek,slate-sleek,2,False
566,2023,belie,slate-bingo-belie,3,False
567,2023,lemon,slate-never-felon-lemon,4,False
568,2023,opera,slate-raced-freak-opera,4,False
569,2023,pixie,slate-grind-imbue-piece-pixie,5,False
570,2023,grimy,slate-prion-brick-grimy,4,False
571,2023,sedan,slate-preen-sedan,3,False
572,2023,leapt,slate-leapt,2,False
573,2023,human,slate-crony-admin-human,4,False
574,2023,koala,slate-acrid-koala,3,False
575,2023,spire,slate-chirp-spire,3,False
576,2023,frock,slate-prion-frock,3,False
577,2023,adopt,slate-tabor-adopt,3,False
578,2023,chard,slate-grind-yahoo-chard,4,False
579,2023,mucky,slate-prion-dumbo-muggy-mucky,5,False
580,2023,alter,slate-alter,2,False
581,2023,blurb,slate-bipod-blurb,3,False
582,2023,matey,slate-treed-facet-matey,4,False
583,2023,elude,slate-doing-elude,3,False
584,2023,count,slate-tonic-count,3,False
585,2023,maize,slate-corgi-anime-maize,4,False
586,2023,beefy,slate-diner-geeky-beefy,4,False
587,2023,worry,slate-prion-wordy-worry,4,False
588,2023,flirt,slate-glint-flirt,3,False
589,2023,fishy,slate-mochi-fishy,3,False
590,2023,crave,slate-grump-crave,3,False
591,2023,cross,slate-mochi-cross,3,False
592,2023,scold,slate-idyll-scold,3,False
593,2023,shirk,slate-unhip-shirk,3,False
594,2023,tasty,slate-hasty-pasty-tasty,4,False
595,2023,unlit,slate-built-unlit,3,False
596,2023,dance,slate-corgi-dance,3,False
597,2023,ninth,slate-briny-ninth,3,False
598,2023,apple,slate-bangs-apple,3,False
599,2023,flail,slate-picks-flail,3,False
600,2023,stage,slate-gravy-stage,3,False
601,2023,heady,slate-beard-heady,3,False
602,2023,debug,slate-diner-decoy-debug,4,False
603,2023,giant,slate-prong-giant,3,False
604,2023,usage,slate-erase-usage,3,False
605,2023,sound,slate-unhip-skunk-sound,4,False
606,2023,salsa,slate-salon-salsa,3,False
607,2023,magic,slate-crony-magic,3,False
608,2023,cache,slate-corgi-cache,3,False
609,2023,avail,slate-acrid-avail,3,False
610,2023,kiosk,slate-hokum-kiosk,3,False
611,2023,sweat,slate-steak-sweat,3,False
612,2023,ruddy,slate-prion-myrrh-ruddy,4,False
613,2023,riper,slate-diner-vampy-wiper-piper-riper,6,False
614,2023,vague,slate-garbo-vague,3,False
615,2023,arbor,slate-crony-armor-ardor-arbor,5,False
616,2023,fifty,slate-briny-ditty-fifty,4,False
617,2023,syrup,slate-unhip-syrup,3,False
618,2023,worse,slate-rosin-horse-worse,4,False
619,2023,polka,slate-molly-polar-polka,4,False
620,2023,moose,slate-rosin-muddy-moose,4,False
621,2023,above,slate-garbo-abode-above,4,False
622,2023,squat,slate-stray-squat,3,False
623,2023,trend,slate-eider-trend,3,False
624,2023,toxic,slate-tonic-topic-toxic,4,False
625,2023,pinky,slate-prion-pinch-pinup-pinky,5,False
626,2023,horse,slate-rosin-horse,3,False
627,2023,regal,slate-rangy-regal,3,False
628,2023,where,slate-grind-curve-where,4,False
629,2023,revel,slate-never-revel,3,False
630,2023,email,slate-leafy-email,3,False
631,2023,birth,slate-briny-birth,3,False
632,2023,blame,slate-crumb-blame,3,False
633,2023,surly,slate-krill-surly,3,False
634,2023,sweep,slate-hired-seven-sweep,4,False
635,2023,cider,slate-diner-crewe-cider,4,False
636,2023,mealy,slate-leafy-mealy,3,False
637,2023,yacht,slate-orbit-dough-yacht,4,False
638,2023,credo,slate-diner-credo,3,False
639,2023,glove,slate-glove,2,False
640,2023,tough,slate-tonic-tough,3,False
641,2023,duvet,slate-eider-duvet,3,False
642,2023,staid,slate-pinch-staid,3,False
643,2023,grout,slate-tonic-grout,3,False
644,2023,voter,slate-tenor-otter-voter,4,False
645,2023,untie,slate-tribe-untie,3,False
646,2023,guano,slate-grind-guano,3,False
647,2023,hurry,slate-prion-curry-furry-hurry,5,False
648,2023,beset,slate-reset-beset,3,False
649,2023,bread,slate-raced-bread,3,False
650,2023,every,slate-diner-merry-every,4,False
651,2023,march,slate-crony-march,3,False
652,2023,stock,slate-pinot-stock,3,False
653,2023,flora,slate-agora-flora,3,False
654,2023,ratio,slate-orbit-ratio,3,False
655,2023,smash,slate-chink-smash,3,False
656,2023,leafy,slate-leafy,2,False
657,2023,locus,slate-locus,2,False
658,2023,ledge,slate-bingo-ledge,3,False
659,2023,snafu,slate-chink-spawn-snafu,4,False
660,2023,under,slate-diner-under,3,False
661,2023,qualm,slate-corgi-qualm,3,False
662,2023,borax,slate-crony-razor-borax,4,False
663,2023,carat,slate-orbit-carat,3,False
664,2023,thief,slate-eider-thief,3,False
665,2023,agony,slate-crony-agony,3,False
666,2023,dwelt,slate-intel-dwelt,3,False
667,2023,whiff,slate-prion-chick-whiff,4,False
668,2023,hound,slate-prion-dumbo-hound,4,False
669,2023,thump,slate-tonic-thrum-thump,4,False
670,2023,plate,slate-plate,2,False
671,2023,kayak,slate-crony-kayak,3,False
672,2023,broke,slate-grind-speak-broke,4,False
673,2023,unzip,slate-prion-unzip,3,False
674,2023,ditto,slate-briny-fifth-ditto,4,False
675,2023,joker,slate-diner-corby-whomp-joker,5,False
676,2023,metro,slate-tenor-metro,3,False
677,2023,logic,slate-dilly-logic,3,False
678,2023,circa,slate-crony-circa,3,False
679,2023,cedar,slate-raced-cedar,3,False
680,2023,plaza,slate-picks-plaza,3,False
681,2023,range,slate-garbo-range,3,False
682,2023,sulky,slate-silly-sulky,3,False
683,2023,horde,slate-grind-horde,3,False
684,2023,guppy,slate-prion-bumpy-guppy,4,False
685,2023,below,slate-never-cello-below,4,False
686,2023,anger,slate-ramen-anger,3,False
687,2023,ghoul,slate-dilly-lunch-ghoul,4,False
688,2023,aglow,slate-molly-aglow,3,False
689,2023,cocoa,slate-crony-cocoa,3,False
690,2023,ethic,slate-deter-evict-ethic,4,False
691,2023,broom,slate-prion-imbed-broom,4,False
692,2023,snack,slate-chink-snack,3,False
693,2023,acrid,slate-crony-acrid,3,False
694,2023,scarf,slate-chink-scarf,3,False
695,2023,canoe,slate-garbo-canoe,3,False
696,2023,latte,slate-latte,2,False
697,2023,plank,slate-chink-flank-blank-plank,5,False
698,2023,shorn,slate-unhip-shorn,3,False
699,2023,grief,slate-diner-brief-grief,4,False
700,2023,flask,slate-flash-flask,3,False
701,2023,brash,slate-brush-brash,3,False
702,2023,igloo,slate-dilly-polio-igloo,4,False
703,2023,clerk,slate-brief-clerk,3,False
704,2023,utter,slate-deter-otter-utter,4,False
705,2023,bagel,slate-rangy-bagel,3,False
706,2023,swine,slate-opine-swine,3,False
707,2023,ramen,slate-ramen,2,False
708,2023,skimp,slate-unhip-skimp,3,False
709,2023,mouse,slate-rosin-douse-house-mouse,5,False
710,2023,kneel,slate-never-kneel,3,False
711,2023,agile,slate-angle-agile,3,False
712,2023,jazzy,slate-crony-budge-jammy-jazzy,5,False
713,2023,humid,slate-prion-dizzy-humid,4,False
714,2023,nanny,slate-crony-nanny,3,False
715,2023,beast,slate-beast,2,False
716,2023,ennui,slate-diner-ennui,3,False
717,2023,scout,slate-pinot-scout,3,False
718,2023,hater,slate-treed-hater,3,False
719,2023,crumb,slate-prion-crumb,3,False
720,2023,balsa,slate-basil-balsa,3,False
721,2023,again,slate-grind-again,3,False
722,2023,guard,slate-grind-guard,3,False
723,2023,wrong,slate-prion-crony-wrong,4,False
724,2023,plunk,slate-bipod-clump-plunk,4,False
725,2023,crime,slate-grind-crime,3,False
726,2023,maybe,slate-rabid-maybe,3,False
727,2023,strap,slate-strap,2,False
728,2023,ranch,slate-crony-ranch,3,False
729,2023,shyly,slate-silly-shyly,3,False
730,2023,kazoo,slate-crony-mambo-kazoo,4,False
731,2023,frost,slate-roust-frost,3,False
732,2023,crane,slate-grump-crane,3,False
733,2023,taste,slate-batch-paste-taste,4,False
734,2023,covet,slate-deter-token-covet,4,False
735,2023,grand,slate-frond-brand-grand,4,False
736,2023,rodeo,slate-diner-befog-rodeo,4,False
737,2023,guest,slate-grunt-guest,3,False
738,2023,about,slate-orbit-about,3,False
739,2023,tract,slate-craft-tract,3,False
740,2023,diner,slate-diner,2,False
741,2023,straw,slate-straw,2,False
742,2023,bleep,slate-fiber-bleep,3,False
743,2023,mossy,slate-mochi-modus-mossy,4,False
744,2023,hotel,slate-intel-hotel,3,False
745,2023,irate,slate-irate,2,False
746,2023,venom,slate-drier-peony-venom,4,False
747,2023,windy,slate-prion-dingy-windy,4,False
748,2023,donut,slate-tonic-donut,3,False
749,2023,cower,slate-drier-bunch-cower,4,False
750,2023,enter,slate-deter-enter,3,False
751,2023,folly,slate-dilly-folly,3,False
752,2023,earth,slate-earth,2,False
753,2023,whirl,slate-dilly-broil-whirl,4,False
754,2023,barge,slate-gourd-barge,3,False
755,2023,fiend,slate-drier-fiend,3,False
756,2023,crone,slate-grind-prone-crone,4,False
757,2023,topaz,slate-bigot-matzo-topaz,4,False
758,2023,droop,slate-prion-droop,3,False
759,2023,flyer,slate-boney-flyer,3,False
760,2023,tonic,slate-prion-tonic,3,False
761,2023,flank,slate-clink-blank-flank,4,False
762,2023,burly,slate-dilly-burly,3,False
763,2023,froze,slate-grind-creme-froze,4,False
764,2023,whale,slate-whale,2,False
765,2023,hobby,slate-prion-goody-comfy-hobby,5,False
766,2023,wheel,slate-never-expel-wheel,4,False
767,2023,heart,slate-enact-heart,3,False
768,2023,disco,slate-mochi-disco,3,False
769,2023,ethos,slate-cruet-ethos,3,False
770,2023,curly,slate-dilly-wryly-curly,4,False
771,2023,bathe,slate-bathe,2,False
772,2023,style,slate-fiery-style,3,False
773,2023,tenth,slate-tenth,2,False
774,2023,beget,slate-deter-tenet-beget,4,False
775,2023,party,slate-carny-party,3,False
776,2023,chart,slate-prong-chart,3,False
777,2023,anode,slate-gourd-abode-anode,4,False
778,2023,polyp,slate-dilly-nylon-polyp,4,False
779,2023,brook,slate-prion-brook,3,False
780,2023,bully,slate-dilly-jumbo-bully,4,False
781,2023,lover,slate-never-lover,3,False
782,2023,empty,slate-hippy-empty,3,False
783,2023,hello,slate-never-cello-hello,4,False
784,2023,quick,slate-prion-chick-quick,4,False
785,2023,wrath,slate-wrath,2,False
786,2023,snaky,slate-chink-snaky,3,False
787,2023,index,slate-drier-index,3,False
788,2023,scrub,slate-unhip-scrub,3,False
789,2023,amiss,slate-oasis-amiss,3,False
790,2023,exact,slate-enact-exact,3,False
791,2023,magma,slate-crony-mafia-magma,4,False
792,2023,quest,slate-crest-quest,3,False
793,2023,beach,slate-beard-beach,3,False
794,2023,spice,slate-pinch-spice,3,False
795,2023,verve,slate-grind-curve-verve,4,False
796,2023,wordy,slate-prion-wordy,3,False
797,2023,ocean,slate-raced-cheap-ocean,4,False
798,2023,choir,slate-prion-choir,3,False
799,2023,peace,slate-grump-apace-peace,4,False
800,2023,write,slate-trout-write,3,False
801,2023,caper,slate-raced-caper,3,False
802,2023,audio,slate-crony-dogma-audio,4,False
803,2023,bride,slate-grind-bride,3,False
804,2023,space,slate-spurn-space,3,False
805,2023,onion,slate-prion-onion,3,False
806,2023,await,slate-grant-adapt-await,4,False
807,2023,giddy,slate-prion-dizzy-giddy,4,False
808,2023,birch,slate-prion-birch,3,False
809,2023,gnash,slate-argus-gnash,3,False
810,2023,dwell,slate-never-dwell,3,False
811,2023,rouse,slate-rosin-rouse,3,False
812,2023,lucky,slate-dilly-moron-lucky,4,False
813,2023,quote,slate-quote,2,False
814,2023,older,slate-blend-older,3,False
815,2023,whisk,slate-mochi-whisk,3,False
816,2023,clear,slate-derby-clear,3,False
817,2023,rayon,slate-crony-rayon,3,False
818,2023,exert,slate-deter-exert,3,False
819,2023,angel,slate-rangy-angel,3,False
820,2023,music,slate-mochi-music,3,False
821,2023,frank,slate-frond-franc-frank,4,False
822,2023,close,slate-close,2,False
823,2023,snare,slate-spurn-snare,3,False
824,2023,stone,slate-stoke-stone,3,False
825,2023,brush,slate-mochi-brush,3,False
826,2023,carol,slate-molly-afoul-carol,4,False
827,2023,right,slate-prion-right,3,False
828,2023,rocky,slate-prion-rowdy-rocky,4,False
829,2023,loyal,slate-molly-loyal,3,False
830,2023,smile,slate-smile,2,False
831,2023,coach,slate-crony-coach,3,False
832,2023,azure,slate-gourd-azure,3,False
833,2023,daddy,slate-crony-budge-daddy,4,False
834,2023,beret,slate-deter-beret,3,False
835,2023,merry,slate-drier-berry-merry,4,False
836,2023,while,slate-bingo-chile-while,4,False
837,2023,spurt,slate-pinot-spurt,3,False
838,2023,bunch,slate-prion-bunny-bunch,4,False
839,2023,chime,slate-grind-chive-chime,4,False
840,2023,viola,slate-molly-aioli-viola,4,False
841,2023,binge,slate-ruing-binge,3,False
842,2023,truth,slate-briny-truth,3,False
843,2023,snail,slate-scalp-snail,3,False
844,2023,skunk,slate-unhip-skunk,3,False
845,2023,knelt,slate-intel-knelt,3,False
846,2023,uncle,slate-bingo-uncle,3,False
847,2023,agent,slate-treed-agent,3,False
848,2023,leaky,slate-learn-leaky,3,False
849,2023,graph,slate-frond-gravy-graph,4,False
850,2023,adult,slate-titan-adult,3,False
851,2023,mercy,slate-drier-mercy,3,False
852,2023,splat,slate-splat,2,False
853,2023,occur,slate-prion-rowdy-occur,4,False
854,2023,smirk,slate-unhip-smirk,3,False
855,2023,given,slate-drier-given,3,False
856,2023,tempo,slate-deter-tempo,3,False
857,2023,cause,slate-amour-cause,3,False
858,2023,retry,slate-eider-twerp-retry,4,False
859,2023,pique,slate-ruing-imbue-pique,4,False
860,2023,noble,slate-bingo-noble,3,False
861,2023,mason,slate-basin-mason,3,False
862,2023,phony,slate-prion-phony,3,False
863,2023,grail,slate-cried-frail-grail,4,False
864,2023,bleak,slate-yoked-bleak,3,False
865,2023,noise,slate-rosin-noise,3,False
866,2023,until,slate-built-until,3,False
867,2023,ardor,slate-crony-armor-ardor,4,False
868,2023,mania,slate-crony-kinda-mania,4,False
869,2023,flare,slate-frack-flare,3,False
870,2023,trade,slate-trade,2,False
871,2023,limit,slate-built-limit,3,False
872,2023,ninja,slate-crony-kinda-ninja,4,False
873,2023,glaze,slate-brock-glaze,3,False
874,2023,leash,slate-leash,2,False
875,2023,actor,slate-bigot-actor,3,False
876,2023,meant,slate-enact-meant,3,False
877,2023,green,slate-drier-creep-green,4,False
878,2023,sassy,slate-curvy-snaps-sassy,4,False
879,2023,sight,slate-pinot-sight,3,False
880,2023,trust,slate-roust-trust,3,False
881,2023,tardy,slate-orbit-tardy,3,False
882,2023,think,slate-boric-thing-think,4,False
883,2023,queue,slate-ruing-queue,3,False
884,2023,candy,slate-baron-candy,3,False
885,2023,piano,slate-frond-piano,3,False
886,2023,pixel,slate-riven-pixel,3,False
887,2023,queen,slate-drier-mongo-queen,4,False
888,2023,throw,slate-boric-throw,3,False
889,2023,guide,slate-prong-fudge-guide,4,False
890,2023,solid,slate-silly-solid,3,False
891,2023,tawny,slate-bigot-match-tawny,4,False
892,2023,scope,slate-prion-scope,3,False
893,2023,sushi,slate-unhip-sushi,3,False
894,2023,resin,slate-runes-resin,3,False
895,2023,taken,slate-treed-taken,3,False
896,2023,genre,slate-prong-genre,3,False
897,2023,adapt,slate-grant-adapt,3,False
898,2023,worst,slate-worst,2,False
899,2023,young,slate-prion-dumbo-young,4,False
900,2023,woman,slate-baron-woman,3,False
901,2023,sleep,slate-sleep,2,False
902,2023,sharp,slate-chink-shady-sharp,4,False
903,2023,shift,slate-pinot-shift,3,False
904,2023,chain,slate-crowd-chain,3,False
905,2023,house,slate-runup-douse-house,4,False
906,2023,these,slate-tense-these,3,False
907,2023,spent,slate-strep-spent,3,False
908,2023,would,slate-dilly-would,3,False
909,2023,topic,slate-prion-optic-topic,4,False
910,2023,globe,slate-cumin-globe,3,False
911,2023,bacon,slate-minor-bacon,3,False
912,2023,funny,slate-prion-funny,3,False
913,2023,table,slate-table,2,False
914,2023,small,slate-scalp-small,3,False
915,2023,built,slate-built,2,False
916,2023,touch,slate-prion-botch-touch,4,False
917,2023,slope,slate-slice-slope,3,False
918,2023,grace,slate-grump-grace,3,False
919,2023,evoke,slate-punch-merge-evoke,4,False
920,2023,phone,slate-punch-phone,3,False
921,2023,daisy,slate-basin-daisy,3,False
922,2023,learn,slate-learn,2,False
923,2023,child,slate-dilly-build-child,4,False
924,2023,three,slate-tribe-three,3,False
925,2023,salty,slate-salty,2,False
926,2024,mural,slate-molly-mural,3,False
927,2024,aging,slate-minor-aging,3,False
928,2024,twirl,slate-guilt-twirl,3,False
929,2024,scant,slate-pinch-scant,3,False
930,2024,lunge,slate-corgi-bulge-lunge,4,False
931,2024,cable,slate-angle-fable-cable,4,False
932,2024,stony,slate-pinot-stony,3,False
933,2024,final,slate-milly-final,3,False
934,2024,liner,slate-never-liner,3,False
935,2024,threw,slate-eider-threw,3,False
936,2024,brief,slate-drier-brief,3,False
937,2024,route,slate-torte-route,3,False
938,2024,heard,slate-beard-heard,3,False
939,2024,doing,slate-prion-doing,3,False
940,2024,lunch,slate-dilly-lunch,3,False
941,2024,blond,slate-bipod-blond,3,False
942,2024,court,slate-prion-court,3,False
943,2024,stole,slate-stole,2,False
944,2024,thing,slate-prion-thing,3,False
945,2024,large,slate-angle-large,3,False
946,2024,north,slate-briny-north,3,False
947,2024,tweak,slate-treed-tweak,3,False
948,2024,still,slate-split-still,3,False
949,2024,relic,slate-never-peril-relic,4,False
950,2024,block,slate-bipod-block,3,False
951,2024,aloof,slate-agora-aloof,3,False
952,2024,snake,slate-proud-shave-snake,4,False
953,2024,ember,slate-drier-comfy-ember,4,False
954,2024,leggy,slate-never-cello-leggy,4,False
955,2024,expel,slate-never-expel,3,False
956,2024,bulky,slate-dilly-bulky,3,False
957,2024,alive,slate-alive,2,False
958,2024,cleft,slate-fleet-cleft,3,False
959,2024,micro,slate-prion-curio-micro,4,False
960,2024,verge,slate-punch-merge-verge,4,False
961,2024,repel,slate-never-rebel-repel,4,False
962,2024,which,slate-prion-chick-which,4,False
963,2024,after,slate-deter-water-after,4,False
964,2024,place,slate-brick-place,3,False
965,2024,stiff,slate-pinot-stiff,3,False
966,2024,fried,slate-drier-fried,3,False
967,2024,never,slate-drier-comfy-never,4,False
968,2024,pasta,slate-hasty-pasta,3,False
969,2024,scram,slate-curvy-scram,3,False
970,2024,talon,slate-titan-talon,3,False
971,2024,ascot,slate-antsy-ascot,3,False
972,2024,stash,slate-chirp-stash,3,False
973,2024,psalm,slate-psalm,2,False
974,2024,ridge,slate-punch-dirge-ridge,4,False
975,2024,price,slate-punch-piece-price,4,False
976,2024,match,slate-bigot-match,3,False
977,2024,build,slate-dilly-build,3,False
978,2024,heavy,slate-beard-heavy,3,False
979,2024,apart,slate-grant-apart,3,False
980,2024,piper,slate-drier-pings-piper,4,False
981,2024,smith,slate-sooty-sixth-smith,4,False
982,2024,often,slate-eider-often,3,False
983,2024,sense,slate-chino-sense,3,False
984,2024,devil,slate-riven-devil,3,False
985,2024,image,slate-grump-image,3,False
986,2024,forty,slate-briny-forty,3,False
987,2024,urban,slate-minor-urban,3,False
988,2024,state,slate-skate-spate-state,4,False
989,2024,flame,slate-brand-flake-flame,4,False
990,2024,hunch,slate-prion-funky-hunch,4,False
991,2024,teary,slate-enact-teary,3,False
992,2024,clone,slate-mound-clone,3,False
993,2024,early,slate-rangy-early,3,False
994,2024,cheer,slate-drier-comfy-cheer,4,False
995,2024,grasp,slate-argus-grasp,3,False
996,2024,pesky,slate-runes-messy-pesky,4,False
997,2024,heave,slate-grump-heave,3,False
998,2024,local,slate-molly-local,3,False
999,2024,since,slate-prion-since,3,False
1000,2024,erupt,slate-eider-entry-erupt,4,False
1001,2024,toxin,slate-prion-toxin,3,False
1002,2024,snort,slate-pinot-snort,3,False
1003,2024,spelt,slate-steel-spelt,3,False
1004,2024,abide,slate-rapid-abide,3,False
1005,2024,lingo,slate-dilly-lingo,3,False
1006,2024,shade,slate-purdy-shade,3,False
1007,2024,decay,slate-radar-decay,3,False
1008,2024,risen,slate-runes-risen,3,False
1009,2024,towel,slate-intel-towel,3,False
1010,2024,sally,slate-salon-sally,3,False
1011,2024,mayor,slate-minor-mayor,3,False
1012,2024,stung,slate-pinot-stung,3,False
1013,2024,speak,slate-vapor-speak,3,False
1014,2024,realm,slate-pearl-realm,3,False
1015,2024,force,slate-punch-force,3,False
1016,2024,taboo,slate-bigot-taboo,3,False
1017,2024,frond,slate-prion-crony-frond,4,False
1018,2024,serum,slate-hired-serum,3,False
1019,2024,plait,slate-plait,2,False
1020,2024,climb,slate-bound-climb,3,False
1021,2024,wrist,slate-ghost-burst-wrist,4,False
1022,2024,finch,slate-prion-dingy-winch-finch,5,False
1023,2024,voila,slate-molly-voila,3,False
1024,2024,breed,slate-drier-befog-breed,4,False
1025,2024,merge,slate-punch-dirge-merge,4,False
1026,2024,broth,slate-briny-broth,3,False
1027,2024,louse,slate-loose-louse,3,False
1028,2024,whiny,slate-prion-dying-whiny,4,False
1029,2024,steel,slate-steel,2,False
1030,2024,blimp,slate-bound-blimp,3,False
1031,2024,equip,slate-drier-emoji-equip,4,False
1032,2024,shank,slate-chink-shank,3,False
1033,2024,tithe,slate-tribe-tinge-tithe,4,False
1034,2024,facet,slate-deter-facet,3,False
1035,2024,raise,slate-bruin-raise,3,False
1036,2024,lucid,slate-dilly-lucid,3,False
1037,2024,jolly,slate-dilly-laugh-jolly,4,False
1038,2024,laser,slate-easel-laser,3,False
1039,2024,rover,slate-drier-rover,3,False
1040,2024,overt,slate-eider-overt,3,False
1041,2024,intro,slate-pinot-intro,3,False
1042,2024,vapid,slate-baron-campy-vapid,4,False
1043,2024,gleam,slate-plead-gleam,3,False
1044,2024,prune,slate-punch-prune,3,False
1045,2024,craft,slate-grant-draft-craft,4,False
1046,2024,prowl,slate-dilly-lurch-prowl,4,False
1047,2024,diary,slate-crowd-diary,3,False
1048,2024,slice,slate-slice,2,False
1049,2024,ebony,slate-drier-peony-ebony,4,False
1050,2024,value,slate-angle-halve-value,4,False
1051,2024,decal,slate-rangy-fecal-decal,4,False
1052,2024,shave,slate-shape-share-shave,4,False
1053,2024,musty,slate-fudgy-musty,3,False
1054,2024,pious,slate-mochi-bison-pious,4,False
1055,2024,jerky,slate-drier-jerky,3,False
1056,2024,media,slate-radar-media,3,False
1057,2024,tidal,slate-titan-tidal,3,False
1058,2024,outer,slate-eider-tuner-outer,4,False
1059,2024,cumin,slate-prion-cumin,3,False
1060,2024,amass,slate-rough-amass,3,False
1061,2024,pinch,slate-prion-pinch,3,False
1062,2024,stall,slate-stalk-stall,3,False
1063,2024,tutor,slate-prion-tumor-tutor,4,False
1064,2024,briny,slate-prion-grind-briny,4,False
1065,2024,hitch,slate-prion-timid-witch-hitch,5,False
1066,2024,nicer,slate-drier-pings-nicer,4,False
1067,2024,dingo,slate-prion-bingo-dingo,4,False
1068,2024,exalt,slate-dealt-exalt,3,False
1069,2024,swish,slate-unhip-swish,3,False
1070,2024,glide,slate-epics-glide,3,False
1071,2024,titan,slate-trout-titan,3,False
1072,2024,bevel,slate-newer-level-bevel,4,False
1073,2024,skier,slate-hired-skier,3,False
1074,2024,minus,slate-mochi-minus,3,False
1075,2024,papal,slate-dully-canal-papal,4,False
1076,2024,gummy,slate-prion-dumbo-gummy,4,False
1077,2024,chaos,slate-cough-chaos,3,False
1078,2024,basin,slate-basin,2,False
1079,2024,bravo,slate-crowd-bravo,3,False
1080,2024,stark,slate-crypt-stark,3,False
1081,2024,groom,slate-prion-moved-groom,4,False
1082,2024,organ,slate-baron-adorn-organ,4,False
1083,2024,ether,slate-eider-ether,3,False
1084,2024,melon,slate-newer-felon-melon,4,False
1085,2024,hence,slate-punch-hence,3,False
1086,2024,crowd,slate-prion-crowd,3,False
1087,2024,manga,slate-baron-dingy-manga,4,False
1088,2024,swung,slate-unhip-sunny-swung,4,False
1089,2024,deter,slate-eider-deter,3,False
1090,2024,angst,slate-antsy-angst,3,False
1091,2024,vault,slate-hotly-vault,3,False
1092,2024,proud,slate-prion-promo-proud,4,False
1093,2024,grind,slate-prion-grind,3,False
1094,2024,prior,slate-prion-prior,3,False
1095,2024,cover,slate-drier-comfy-cover,4,False
1096,2024,terse,slate-tense-terse,3,False
1097,2024,scent,slate-strep-scent,3,False
1098,2024,paint,slate-trout-faint-paint,4,False
1099,2024,edict,slate-eider-edict,3,False
1100,2024,bugle,slate-corgi-bugle,3,False
1101,2024,dolly,slate-dilly-dolly,3,False
1102,2024,savor,slate-curvy-savor,3,False
1103,2024,knead,slate-radar-knead,3,False
1104,2024,order,slate-drier-order,3,False
1105,2024,drove,slate-prong-drove,3,False
1106,2024,zebra,slate-raced-freak-zebra,4,False
1107,2024,buddy,slate-prion-dumbo-buddy,4,False
1108,2024,adage,slate-grump-adage,3,False
1109,2024,inlay,slate-maria-aioli-inlay,4,False
1110,2024,thigh,slate-prion-thick-thigh,4,False
1111,2024,debut,slate-titer-debut,3,False
1112,2024,crush,slate-mochi-crush,3,False
1113,2024,scoff,slate-unhip-smock-scoff,4,False
1114,2024,canon,slate-baron-canon,3,False
1115,2024,shape,slate-shape,2,False
1116,2024,blare,slate-brand-blare,3,False
1117,2024,gaunt,slate-trout-aught-gaunt,4,False
1118,2024,cameo,slate-raced-cagey-cameo,4,False
1119,2024,jiffy,slate-prion-dizzy-jiffy,4,False
1120,2024,enact,slate-enact,2,False
1121,2024,video,slate-drier-video,3,False
1122,2024,swoon,slate-unhip-swoon,3,False
1123,2024,decoy,slate-drier-demon-decoy,4,False
1124,2024,quite,slate-torte-quite,3,False
1125,2024,nerdy,slate-drier-nerdy,3,False
1126,2024,refer,slate-drier-purer-refer,4,False
1127,2024,shaft,slate-ching-shaft,3,False
1128,2024,speck,slate-sheer-skein-speck,4,False
1129,2024,cadet,slate-treed-cadet,3,False
1130,2024,prong,slate-prion-prong,3,False
1131,2024,forte,slate-torte-forte,3,False
1132,2024,porch,slate-prion-porch,3,False
1133,2024,awash,slate-butch-awash,3,False
1134,2024,juice,slate-punch-juice,3,False
1135,2024,smock,slate-unhip-smock,3,False
1136,2024,super,slate-sheer-sober-super,4,False
1137,2024,feral,slate-rangy-feral,3,False
1138,2024,penne,slate-punch-penne,3,False
1139,2024,chalk,slate-brick-chalk,3,False
1140,2024,flake,slate-dreck-flake,3,False
1141,2024,scale,slate-scale,2,False
1142,2024,lower,slate-newer-lower,3,False
1143,2024,ensue,slate-runup-ensue,3,False
1144,2024,anvil,slate-maria-anvil,3,False
1145,2024,macaw,slate-baron-campy-macaw,4,False
1146,2024,saucy,slate-sauna-saucy,3,False
1147,2024,ounce,slate-cuing-ounce,3,False
1148,2024,medic,slate-drier-medic,3,False
1149,2024,scone,slate-prion-scone,3,False
1150,2024,skiff,slate-unhip-skiff,3,False
1151,2024,neigh,slate-drier-eking-neigh,4,False
1152,2024,shore,slate-prion-score-shore,4,False
1153,2024,acorn,slate-baron-adorn-acorn,4,False
1154,2024,brace,slate-grump-brace,3,False
1155,2024,storm,slate-prion-stork-storm,4,False
1156,2024,lanky,slate-molly-lanky,3,False
1157,2024,meter,slate-tenor-meter,3,False
1158,2024,delay,slate-rangy-delay,3,False
1159,2024,mulch,slate-dilly-mulch,3,False
1160,2024,brute,slate-torte-brute,3,False
1161,2024,leech,slate-riven-cello-leech,4,False
1162,2024,filet,slate-intel-filet,3,False
1163,2024,skate,slate-skate,2,False
1164,2024,stake,slate-stake,2,False
1165,2024,crown,slate-prion-decaf-crown,4,False
1166,2024,lithe,slate-lithe,2,False
1167,2024,flunk,slate-bound-flung-flunk,4,False
1168,2024,knave,slate-grump-weave-knave,4,False
1169,2024,spout,slate-prion-spout,3,False
1170,2024,mushy,slate-mochi-mushy,3,False
1171,2024,camel,slate-reign-camel,3,False
1172,2024,faint,slate-trout-faint,3,False
1173,2024,stern,slate-strep-stern,3,False
1174,2024,widen,slate-drier-widen,3,False
1175,2024,rerun,slate-drier-berry-rerun,4,False
1176,2024,owner,slate-drier-bower-owner,4,False
1177,2024,drawn,slate-bronc-drawn,3,False
1178,2024,debit,slate-tenor-fetid-debit,4,False
1179,2024,rebel,slate-riven-rebel,3,False
1180,2024,aisle,slate-aisle,2,False
1181,2024,brass,slate-boric-brass,3,False
1182,2024,harsh,slate-basis-harsh,3,False
1183,2024,broad,slate-baron-broad,3,False
1184,2024,recur,slate-drier-recur,3,False
1185,2024,honey,slate-drier-mongo-honey,4,False
1186,2024,beaut,slate-teach-beaut,3,False
1187,2024,fully,slate-dilly-laugh-fully,4,False
1188,2024,press,slate-runes-dress-press,4,False
1189,2024,smoke,slate-prion-shove-smoke,4,False
1190,2024,seven,slate-sheer-seven,3,False
1191,2024,teach,slate-teach,2,False
1192,2024,steam,slate-steak-steam,3,False
1193,2024,handy,slate-baron-handy,3,False
1194,2024,torch,slate-prion-torch,3,False
1195,2024,thank,slate-grant-thank,3,False
1196,2024,faith,slate-carny-faith,3,False
1197,2024,brain,slate-crony-brain,3,False
1198,2024,rider,slate-drier-rider,3,False
1199,2024,cloud,slate-bound-cloud,3,False
1200,2024,modem,slate-orbed-modem,3,False
1201,2024,shell,slate-shelf-shell,3,False
1202,2024,wagon,slate-baron-wagon,3,False
1203,2024,title,slate-title,2,False
1204,2024,miner,slate-orbed-ripen-miner,4,False
1205,2024,lager,slate-reign-lager,3,False
1206,2024,flour,slate-bound-flour,3,False
1207,2024,joint,slate-prion-joint,3,False
1208,2024,mommy,slate-prion-goody-comfy-mommy,5,False
1209,2024,carve,slate-rapid-carve,3,False
1210,2024,gusty,slate-fudgy-gusty,3,False
1211,2024,stain,slate-hymns-stain,3,False
1212,2024,prone,slate-cuing-drone-prone,4,False
1213,2024,gamut,slate-trout-gamut,3,False
1214,2024,corer,slate-orbed-whomp-gofer-corer,5,False
1215,2024,grant,slate-grant,2,False
1216,2024,halve,slate-angle-halve,3,False
1217,2024,stint,slate-pinot-stint,3,False
1218,2024,fiber,slate-orbed-fiber,3,False
1219,2024,dicey,slate-orbed-dicey,3,False
1220,2024,spoon,slate-unhip-spoon,3,False
1221,2024,shout,slate-pinot-short-shout,4,False
1222,2024,goofy,slate-prion-goody-goofy,4,False
1223,2024,bossy,slate-mochi-bonus-bossy,4,False
1224,2024,frown,slate-prion-gibed-frown,4,False
1225,2024,wreak,slate-raced-freak-wreak,4,False
1226,2024,sandy,slate-pagan-sandy,3,False
1227,2024,bawdy,slate-baron-bawdy,3,False
1228,2024,tunic,slate-prion-tinny-tunic,4,False
1229,2024,easel,slate-easel,2,False
1230,2024,weird,slate-orbed-weird,3,False
1231,2024,sixth,slate-sooty-sixth,3,False
1232,2024,snoop,slate-unhip-snoop,3,False
1233,2024,blaze,slate-brand-blaze,3,False
1234,2024,vinyl,slate-dilly-vinyl,3,False
1235,2024,octet,slate-tenor-octet,3,False
1236,2024,truly,slate-guilt-truly,3,False
1237,2024,event,slate-tenor-event,3,False
1238,2024,ready,slate-beard-ready,3,False
1239,2024,swell,slate-smell-swell,3,False
1240,2024,inner,slate-decor-privy-hiker-inner,5,False
1241,2024,stoic,slate-pinot-stoic,3,False
1242,2024,flown,slate-bipod-flown,3,False
1243,2024,primp,slate-prion-privy-primp,4,False
1244,2024,uvula,slate-maria-doula-uvula,4,False
1245,2024,tacky,slate-trout-tacky,3,False
1246,2024,visor,slate-mochi-bison-visor,4,False
1247,2024,tally,slate-hotly-tally,3,False
1248,2024,frail,slate-crawl-frail,3,False
1249,2024,going,slate-prion-going,3,False
1250,2024,niche,slate-cuing-niche,3,False
1251,2024,spine,slate-prion-spine,3,False
1252,2024,pearl,slate-pearl,2,False
1253,2024,jelly,slate-riven-cello-jelly,4,False
1254,2024,twist,slate-ghost-burst-twist,4,False
1255,2024,brown,slate-prion-drown-brown,4,False
1256,2024,witch,slate-prion-timid-fight-witch,5,False
1257,2024,slang,slate-hymns-slang,3,False
1258,2024,chock,slate-prion-goody-chock,4,False
1259,2024,hippo,slate-prion-hippo,3,False
1260,2024,dogma,slate-baron-dogma,3,False
1261,2024,mauve,slate-gourd-mauve,3,False
1262,2024,guile,slate-corgi-guile,3,False
1263,2024,shaky,slate-chink-shaky,3,False
1264,2024,crypt,slate-prion-crypt,3,False
1265,2024,endow,slate-decor-endow,3,False
1266,2024,shove,slate-prion-shove,3,False
1267,2024,hilly,slate-dilly-wharf-hilly,4,False
1268,2024,hyena,slate-radar-hyena,3,False
1269,2024,flung,slate-bipod-flung,3,False
1270,2024,patio,slate-trout-matzo-patio,4,False
1271,2024,plumb,slate-bipod-plumb,3,False
1272,2024,vying,slate-prion-dying-vying,4,False
1273,2024,boxer,slate-decor-whomp-boxer,4,False
1274,2024,drool,slate-dilly-drool,3,False
1275,2024,funky,slate-prion-funky,3,False
1276,2024,boast,slate-trans-boast,3,False
1277,2024,scowl,slate-silly-scowl,3,False
1278,2024,hefty,slate-hippy-hefty,3,False
1279,2024,stray,slate-stray,2,False
1280,2024,flash,slate-clasp-flash,3,False
1281,2024,blade,slate-caged-blade,3,False
1282,2024,brawn,slate-crony-brawn,3,False
1283,2024,sauna,slate-guava-sauna,3,False
1284,2024,eagle,slate-angle-eagle,3,False
1285,2024,share,slate-spare-share,3,False
1286,2024,affix,slate-baron-affix,3,False
1287,2024,grain,slate-crony-grain,3,False
1288,2024,decry,slate-decor-decry,3,False
1289,2024,mambo,slate-baron-mambo,3,False
1290,2024,stare,slate-stare,2,False
1291,2024,lemur,slate-riven-lemur,3,False
1292,2025,nerve,slate-cuing-nerve,3,False
1293,2025,chose,slate-croup-chose,3,False
1294,2025,cheap,slate-radar-began-cheap,4,False
1295,2025,relax,slate-reign-relax,3,False
1296,2025,cyber,slate-decor-cyber,3,False
1297,2025,sprig,slate-incur-sprig,3,False
1298,2025,atlas,slate-atlas,2,False
1299,2025,draft,slate-draft,2,False
1300,2025,wafer,slate-radar-pygmy-wafer,4,False
1301,2025,crawl,slate-bound-crawl,3,False
1302,2025,dingy,slate-prion-dingy,3,False
1303,2025,total,slate-tonal-total,3,False
1304,2025,cloak,slate-anima-cloak,3,False
1305,2025,fancy,slate-baron-fancy,3,False
1306,2025,knack,slate-crony-knack,3,False
1307,2025,flint,slate-glint-flint,3,False
1308,2025,prose,slate-rosin-prose,3,False
1309,2025,silly,slate-silly,2,False
1310,2025,rower,slate-drier-purer-rower,4,False
1311,2025,squid,slate-punch-squid,3,False
1312,2025,icing,slate-prion-icing,3,False
1313,2025,reach,slate-beard-reach,3,False
1314,2025,upper,slate-diver-poofy-upper,4,False
1315,2025,crepe,slate-cuing-creme-crepe,4,False
1316,2025,crisp,slate-mochi-crisp,3,False
1317,2025,sunny,slate-croup-suing-sunny,4,False
1318,2025,shunt,slate-pinot-stunt-shunt,4,False
1319,2025,fever,slate-defer-fever,3,False
1320,2025,udder,slate-drier-coder-udder,4,False
1321,2025,false,slate-false,2,False
1322,2025,toast,slate-roast-toast,3,False
1323,2025,rivet,slate-titer-rivet,3,False
1324,2025,chore,slate-cuing-creme-chore,4,False
1325,2025,revue,slate-cuing-exude-revue,4,False
1326,2025,tooth,slate-bundy-mirth-tooth,4,False
1327,2025,pedal,slate-reign-fecal-pedal,4,False
1328,2025,pupil,slate-dilly-broil-pupil,4,False
1329,2025,swath,slate-swath,2,False
1330,2025,steep,slate-steep,2,False
1331,2025,bonus,slate-hokum-bogus-bonus,4,False
1332,2025,goody,slate-prion-goody,3,False
1333,2025,score,slate-prion-score,3,False
1334,2025,rapid,slate-baron-rapid,3,False
1335,2025,rumba,slate-baron-rumba,3,False
1336,2025,ditty,slate-bundy-ditty,3,False
1337,2025,crook,slate-prion-brood-crook,4,False
1338,2025,suave,slate-spare-suave,3,False
1339,2025,trail,slate-trail,2,False
1340,2025,indie,slate-cuing-indie,3,False
1341,2025,madly,slate-maria-madly,3,False
1342,2025,roach,slate-crony-roach,3,False
1343,2025,clove,slate-plume-clove,3,False
1344,2025,cream,slate-radar-cream,3,False
1345,2025,otter,slate-tenor-otter,3,False
1346,2025,gland,slate-chink-gland,3,False
1347,2025,dryer,slate-drier-dryer,3,False
1348,2025,award,slate-crony-award,3,False
1349,2025,lodge,slate-boils-lodge,3,False
1350,2025,fuzzy,slate-prion-dumbo-fuzzy,4,False
1351,2025,hover,slate-diver-hover,3,False
1352,2025,deity,slate-petty-deity,3,False
1353,2025,spear,slate-vapor-spear,3,False
1354,2025,check,slate-drier-peony-check,4,False
1355,2025,scrum,slate-croup-scrum,3,False
1356,2025,alert,slate-alert,2,False
1357,2025,troop,slate-prion-troop,3,False
1358,2025,navel,slate-reign-navel,3,False
1359,2025,greed,slate-drier-freed-creed-greed,5,False
1360,2025,spite,slate-spite,2,False
1361,2025,track,slate-tramp-track,3,False
1362,2025,mango,slate-baron-mango,3,False
1363,2025,chase,slate-erase-chase,3,False
1364,2025,piece,slate-ruing-moxie-piece,4,False
1365,2025,ladle,slate-angle-fable-ladle,4,False
1366,2025,stamp,slate-stack-stamp,3,False
1367,2025,lasso,slate-basil-lasso,3,False
1368,2025,timer,slate-eider-timer,3,False
1369,2025,spark,slate-chomp-spank-spark,4,False
1370,2025,baste,slate-pubic-baste,3,False
1371,2025,nudge,slate-ruing-nudge,3,False
1372,2025,amble,slate-angle-amble,3,False
1373,2025,dopey,slate-drier-domed-dopey,4,False
1374,2025,angle,slate-angle,2,False
1375,2025,shelf,slate-shelf,2,False
1376,2025,elbow,slate-blend-elbow,3,False
1377,2025,sheet,slate-strep-sheet,3,False
1378,2025,verse,slate-runup-verse,3,False
1379,2025,sorry,slate-croup-sorry,3,False
1380,2025,quota,slate-crony-quota,3,False
1381,2025,booty,slate-bundy-bitty-booty,4,False
1382,2025,jewel,slate-riven-bowel-jewel,4,False
1383,2025,curse,slate-rosin-curse,3,False
1384,2025,shear,slate-safer-shear,3,False
1385,2025,krill,slate-dilly-grill-krill,4,False
1386,2025,foamy,slate-crony-foamy,3,False
1387,2025,villa,slate-maria-villa,3,False
1388,2025,hazel,slate-reign-hazel,3,False
1389,2025,spare,slate-spare,2,False
1390,2025,wheat,slate-mewed-wheat,3,False
1391,2025,turbo,slate-prion-turbo,3,False
1392,2025,arrow,slate-baron-arrow,3,False
1393,2025,nurse,slate-rosin-nurse,3,False
1394,2025,laugh,slate-coral-dimly-laugh,4,False
1395,2025,crest,slate-crest,2,False
1396,2025,ashen,slate-ashen,2,False
1397,2025,moral,slate-coral-moral,3,False
1398,2025,stood,slate-pinot-stood,3,False
1399,2025,dirge,slate-corgi-dirge,3,False
1400,2025,inbox,slate-prion-inbox,3,False
1401,2025,patch,slate-trout-batch-patch,4,False
1402,2025,spate,slate-spate,2,False
1403,2025,artsy,slate-antsy-artsy,3,False
1404,2025,ozone,slate-corgi-ozone,3,False
1405,2025,genie,slate-curio-genie,3,False
1406,2025,known,slate-prion-known,3,False
1407,2025,clash,slate-clasp-clash,3,False
1408,2025,weedy,slate-drier-upend-weedy,4,False
1409,2025,dummy,slate-prion-dumbo-dummy,4,False
1410,2025,bliss,slate-bliss,2,False
1411,2025,idler,slate-riven-idler,3,False
1412,2025,adept,slate-mewed-adept,3,False
1413,2025,whose,slate-rosin-obese-whose,4,False
1414,2025,patsy,slate-antsy-patsy,3,False
1415,2025,trout,slate-timon-trout,3,False
1416,2025,shush,slate-incur-soupy-shush,4,False
1417,2025,suite,slate-suite,2,False
1418,2025,macho,slate-prion-macho,3,False
1419,2025,balmy,slate-coral-dimly-balmy,4,False
1420,2025,tripe,slate-tribe-tripe,3,False
1421,2025,yeast,slate-yeast,2,False
1422,2025,dowel,slate-riven-bowel-dowel,4,False
1423,2025,bicep,slate-drier-vixen-bicep,4,False
1424,2025,aware,slate-grump-aware,3,False
1425,2025,bongo,slate-prion-dumbo-bongo,4,False
1426,2025,eager,slate-radar-pygmy-eager,4,False
1427,2025,fifth,slate-bundy-fifth,3,False
1428,2025,grown,slate-prion-drown-grown,4,False
1429,2025,livid,slate-dilly-livid,3,False
1430,2025,pitch,slate-timon-ditch-pitch,4,False
1431,2025,borne,slate-cupid-borne,3,False
1432,2025,alarm,slate-chink-alarm,3,False
1433,2025,folio,slate-dilly-polio-folio,4,False
1434,2025,shuck,slate-incur-shuck,3,False
1435,2025,suede,slate-prion-segue-suede,4,False
1436,2025,grift,slate-timon-drift-grift,4,False
1437,2025,drone,slate-cupid-drone,3,False
1438,2025,sport,slate-pinot-sport,3,False
1439,2025,polar,slate-coral-polar,3,False
1440,2025,quash,slate-crash-quash,3,False
1441,2025,idiom,slate-prion-idiom,3,False
1442,2025,habit,slate-abort-habit,3,False
1443,2025,rough,slate-prion-rowdy-rough,4,False
1444,2025,preen,slate-drier-creep-preen,4,False
1445,2025,admin,slate-prion-cabin-admin,4,False
1446,2025,cease,slate-cease,2,False
1447,2025,datum,slate-orbit-fatwa-datum,4,False
1448,2025,edify,slate-drier-edify,3,False
1449,2025,reuse,slate-rosin-reuse,3,False
1450,2025,lease,slate-lease,2,False
1451,2025,board,slate-drunk-board,3,False
1452,2025,taffy,slate-tarot-taffy,3,False
1453,2025,plaid,slate-clink-plaid,3,False
1454,2025,vixen,slate-drier-vixen,3,False
1455,2025,bilge,slate-boils-bilge,3,False
1456,2025,ghost,slate-ghost,2,False
1457,2025,quail,slate-drawl-quail,3,False
1458,2025,petty,slate-petty,2,False
1459,2025,prank,slate-churn-drank-prank,4,False
1460,2025,munch,slate-prion-bunny-munch,4,False
1461,2025,curio,slate-prion-curio,3,False
1462,2025,taupe,slate-taupe,2,False
1463,2025,glade,slate-dunce-glade,3,False
1464,2025,thrum,slate-timon-thrum,3,False
1465,2025,oddly,slate-dilly-oddly,3,False
1466,2025,elite,slate-flute-elite,3,False
1467,2025,comfy,slate-prion-moody-comfy,4,False
1468,2025,offer,slate-drier-bower-ocher-offer,5,False
1469,2025,plain,slate-clink-plain,3,False
1470,2025,stump,slate-croft-stump,3,False
1471,2025,witty,slate-bundy-kitty-witty,4,False
1472,2025,blink,slate-bipod-bling-blink,4,False
1473,2025,moldy,slate-dilly-moldy,3,False
1474,2025,incur,slate-prion-incur,3,False
1475,2025,poppy,slate-prion-pouch-poppy,4,False
1476,2025,curve,slate-cupid-curve,3,False
1477,2025,baler,slate-renal-paler-baler,4,False
1478,2025,atria,slate-tarot-atria,3,False
1479,2025,stilt,slate-split-stilt,3,False
1480,2025,dread,slate-radar-dread,3,False
1481,2025,novel,slate-riven-novel,3,False
1482,2025,jumpy,slate-prion-bumpy-jumpy,4,False
1483,2025,brand,slate-churn-brand,3,False
1484,2025,exile,slate-boric-exile,3,False
1485,2025,gnome,slate-cupid-gnome,3,False
1486,2025,undid,slate-prion-kinky-undid,4,False
1487,2025,foist,slate-hoist-foist,3,False
1488,2025,nervy,slate-drier-nervy,3,False
1489,2025,modal,slate-coral-modal,3,False
1490,2025,loris,slate-lousy-loris,3,False
1491,2025,sword,slate-croup-sword,3,False
1492,2025,blank,slate-clink-blank,3,False
1493,2025,tizzy,slate-timon-tight-tizzy,4,False
1494,2025,burnt,slate-timon-burnt,3,False
1495,2025,water,slate-mewed-water,3,False
1496,2025,quake,slate-grump-quake,3,False
1497,2025,gofer,slate-drier-bower-mover-gofer,5,False
1498,2025,haunt,slate-tarot-haunt,3,False
1499,2025,whole,slate-boils-whole,3,False
1500,2025,savvy,slate-curvy-savvy,3,False
1501,2025,omega,slate-radar-mecca-omega,4,False
1502,2025,assay,slate-basis-assay,3,False
1503,2025,frill,slate-dilly-grill-frill,4,False
1504,2025,banjo,slate-prion-conga-banjo,4,False
1505,2025,daunt,slate-tarot-daunt,3,False
1506,2025,lumpy,slate-dilly-lobby-lumpy,4,False
1507,2025,rigid,slate-prion-rigid,3,False
1508,2025,stork,slate-fruit-stork,3,False
1509,2025,groan,slate-prion-groan,3,False
1510,2025,coral,slate-canal-coral,3,False
1511,2025,imbue,slate-cupid-imbue,3,False
1512,2025,nasal,slate-basil-nasal,3,False
1513,2025,minty,slate-bundy-minty,3,False
1514,2025,south,slate-sooty-south,3,False
1515,2025,nomad,slate-cairn-among-nomad,4,False
1516,2025,kefir,slate-drier-kefir,3,False
1517,2025,knell,slate-riven-knell,3,False
1518,2025,level,slate-riven-level,3,False
1519,2025,matte,slate-carte-haute-matte,4,False
1520,2025,lousy,slate-lousy,2,False
1521,2025,issue,slate-rosin-issue,3,False
1522,2025,rowdy,slate-prion-rowdy,3,False
1523,2025,llama,slate-clamp-llama,3,False
1524,2025,extol,slate-intel-extol,3,False
1525,2025,ratty,slate-carny-ratty,3,False
1526,2025,union,slate-prion-union,3,False
1527,2025,spore,slate-prion-spore,3,False
1528,2025,mirth,slate-purdy-mirth,3,False
1529,2025,annex,slate-radar-annex,3,False
1530,2025,tower,slate-tenor-tower,3,False
1531,2025,split,slate-split,2,False
1532,2025,graft,slate-tramp-graft,3,False
1533,2025,elate,slate-elate,2,False
1534,2025,petal,slate-later-fetal-petal,4,False
1535,2025,least,slate-least,2,False
1536,2025,might,slate-timon-might,3,False
1537,2025,fetch,slate-tenor-fetid-fetch,4,False
1538,2025,blend,slate-elfin-blend,3,False
1539,2025,drift,slate-timon-fruit-drift,4,False
1540,2025,bulge,slate-boils-bulge,3,False
1541,2025,tenor,slate-titer-tenor,3,False
1542,2025,chirp,slate-prion-chirp,3,False
1543,2025,trick,slate-timon-thick-trick,4,False
1544,2025,pouty,slate-purdy-pouty,3,False
1545,2025,chair,slate-churn-chair,3,False
1546,2025,throb,slate-timon-throb,3,False
1547,2025,nadir,slate-cairn-nadir,3,False
1548,2025,noisy,slate-hokum-noisy,3,False
1549,2025,along,slate-axion-along,3,False
1550,2025,lefty,slate-lefty,2,False
1551,2025,teeth,slate-teeth,2,False
1552,2025,knife,slate-cupid-knife,3,False
1553,2025,later,slate-later,2,False
1554,2025,defer,slate-drier-defer,3,False
1555,2025,coven,slate-drier-chomp-coven,4,False
1556,2025,quill,slate-dilly-grill-quill,4,False
1557,2025,mouth,slate-purdy-mouth,3,False
1558,2025,blunt,slate-clout-blunt,3,False
1559,2025,drape,slate-grape-drape,3,False
1560,2025,dally,slate-rally-dally,3,False
1561,2025,fritz,slate-nitro-fritz,3,False
1562,2025,gooey,slate-drier-chomp-gooey,4,False
1563,2025,civil,slate-dilly-civil,3,False
1564,2025,geese,slate-rosin-geese,3,False
1565,2025,spoil,slate-skull-spoil,3,False
1566,2025,width,slate-nitro-width,3,False
1567,2025,spasm,slate-chomp-spasm,3,False
1568,2025,relay,slate-renal-relay,3,False
1569,2025,plane,slate-glace-plane,3,False
1570,2025,amuse,slate-ramon-amuse,3,False
1571,2025,nylon,slate-dilly-nylon,3,False
1572,2025,annoy,slate-baron-annoy,3,False
1573,2025,hardy,slate-cairn-radar-hardy,4,False
1574,2025,lever,slate-riven-lever,3,False
1575,2025,stack,slate-stack,2,False
1576,2025,wound,slate-prion-moony-bound-wound,5,False
1577,2025,beard,slate-beard,2,False
1578,2025,forum,slate-prion-forum,3,False
1579,2025,spoof,slate-croup-spoof,3,False
1580,2025,catty,slate-natty-fatty-catty,4,False
1581,2025,gross,slate-hokum-gross,3,False
1582,2025,haven,slate-radar-maven-haven,4,False
1583,2025,ideal,slate-renal-ideal,3,False
1584,2025,limbo,slate-dilly-limbo,3,False
1585,2025,detox,slate-titer-detox,3,False
1586,2025,stunt,slate-fruit-stunt,3,False
1587,2025,drill,slate-dilly-drill,3,False
1588,2025,tuber,slate-ripen-truer-tuber,4,False
1589,2025,gauge,slate-gourd-gauge,3,False
1590,2025,plump,slate-bipod-clump-plump,4,False
1591,2025,fetid,slate-ripen-fetid,3,False
1592,2025,holly,slate-dilly-lymph-holly,4,False
1593,2025,glare,slate-glare,2,False
1594,2025,lathe,slate-lathe,2,False
1595,2025,abhor,slate-cairn-abhor,3,False
1596,2025,motel,slate-legit-motel,3,False
1597,2025,rabid,slate-cairn-rabbi-rabid,4,False
1598,2025,awoke,slate-dairy-awoke,3,False
1599,2025,venue,slate-cupid-venue,3,False
1600,2025,short,slate-croup-short,3,False
1601,2025,guise,slate-roped-guise,3,False
1602,2025,peril,slate-rouen-peril,3,False
1603,2025,arise,slate-arise,2,False
1604,2025,fugue,slate-cupid-fugue,3,False
1605,2025,tabby,slate-tarot-tabby,3,False
1606,2025,gizmo,slate-prion-comic-gizmo,4,False
1607,2025,deuce,slate-cupid-deuce,3,False
1608,2025,tinge,slate-tribe-tinge,3,False
1609,2025,lurid,slate-dilly-lurid,3,False
1610,2025,clung,slate-bipod-clung,3,False
1611,2025,wield,slate-rouen-wield,3,False
1612,2025,clamp,slate-chink-clamp,3,False
1613,2025,opine,slate-cupid-opine,3,False
1614,2025,maker,slate-radar-pygmy-maker,4,False
1615,2025,grave,slate-grape-grave,3,False
1616,2025,vowel,slate-rouen-vowel,3,False
1617,2025,thick,slate-timon-thick,3,False
1618,2025,bunny,slate-prion-bunny,3,False
1619,2025,dough,slate-prion-moody-dough,4,False
1620,2025,plead,slate-alley-plead,3,False
1621,2025,hovel,slate-rouen-bowel-yodel-hovel,5,False
1622,2025,remit,slate-ripen-remit,3,False
1623,2025,colic,slate-dilly-polio-folic-colic,5,False
1624,2025,gruff,slate-prion-gruff,3,False
1625,2025,muggy,slate-prion-dumbo-muggy,4,False
1626,2025,leach,slate-leach,2,False
1627,2025,cacti,slate-natty-cacti,3,False
1628,2025,haste,slate-caste-haste,3,False
1629,2025,tulip,slate-guilt-tulip,3,False
1630,2025,among,slate-cairn-among,3,False
1631,2025,waist,slate-antsy-waist,3,False
1632,2025,flute,slate-flute,2,False
1633,2025,gravy,slate-curvy-gravy,3,False
1634,2025,snide,slate-prion-snide,3,False
1635,2025,erase,slate-erase,2,False
1636,2025,guess,slate-runes-guess,3,False
1637,2025,truck,slate-timon-truck,3,False
1638,2025,miser,slate-runes-wiser-miser,4,False
1639,2025,swing,slate-croup-shiny-swing,4,False
1640,2025,dodgy,slate-prion-moody-dodgy,4,False
1641,2025,segue,slate-prion-segue,3,False
1642,2025,grass,slate-crash-grass,3,False
1643,2025,rugby,slate-prion-curry-rugby,4,False
1644,2025,myrrh,slate-prion-curry-myrrh,4,False
1645,2025,white,slate-torte-white,3,False
1646,2025,quilt,slate-guilt-quilt,3,False
1647,2025,conch,slate-prion-moony-conch,4,False
1648,2025,glint,slate-clout-glint,3,False
1649,2025,spool,slate-skull-spool,3,False
1650,2025,prism,slate-hokum-prism,3,False
1651,2025,speed,slate-sheer-speed,3,False
1652,2025,batch,slate-abort-batch,3,False
1653,2025,abbot,slate-argot-afoot-abbot,4,False
1654,2025,fruit,slate-timon-fruit,3,False
1655,2025,decor,slate-mired-redux-decor,4,False
1656,2025,siren,slate-newer-siren,3,False
1657,2026,fable,slate-ankle-fable,3,False
1658,2026,proof,slate-prion-proof,3,False
1659,2026,sitar,slate-satin-sitar,3,False
1660,2026,posse,slate-croup-posse,3,False
1661,2026,filly,slate-dilly-filly,3,False
1662,2026,oomph,slate-prion-oomph,3,False
1663,2026,pecan,slate-raven-began-pecan,4,False
1664,2026,blast,slate-blast,2,False
1665,2026,eight,slate-ripen-eight,3,False
1666,2026,manic,slate-cairn-manic,3,False
1667,2026,quark,slate-churn-quark,3,False
1668,2026,trial,slate-tonal-trial,3,False
1669,2026,gumbo,slate-prion-moody-gumbo,4,False
1670,2026,avoid,slate-cairn-hijab-avoid,4,False
1671,2026,chasm,slate-crash-chasm,3,False
1672,2026,racer,slate-raven-racer,3,False
1673,2026,fiery,slate-mired-fiery,3,False
1674,2026,sumac,slate-samba-sumac,3,False
1675,2026,waxen,slate-radar-maven-waxen,4,False
1676,2026,sully,slate-skull-sully,3,False
1677,2026,cubic,slate-prion-dizzy-cubic,4,False
1678,2026,clink,slate-bipod-cliff-clink,4,False
1679,2026,baron,slate-cairn-baron,3,False
1680,2026,cliff,slate-bipod-cliff,3,False
1681,2026,strut,slate-fount-strut,3,False
1682,2026,freak,slate-radar-freak,3,False
1683,2026,dusky,slate-hokum-dusky,3,False
1684,2026,cruel,slate-rouen-cruel,3,False
1685,2026,flaky,slate-clank-flaky,3,False
1686,2026,jumbo,slate-prion-moody-jumbo,4,False
1687,2026,allot,slate-bloat-allot,3,False
1688,2026,spiny,slate-croup-spiky-spiny,4,False
1689,2026,cigar,slate-cairn-curia-cigar,4,False
1690,2026,weigh,slate-drier-eking-weigh,4,False
1691,2026,chide,slate-cupid-chide,3,False
1692,2026,swoop,slate-croup-swoop,3,False
1693,2026,gavel,slate-renal-gavel,3,False
1694,2026,bleat,slate-cleat-bleat,3,False
1695,2026,embed,slate-drier-embed,3,False
1696,2026,cello,slate-rouen-cello,3,False
1697,2026,scene,slate-prion-scene,3,False
1698,2026,vegan,slate-radar-began-vegan,4,False
1699,2026,surge,slate-wring-surge,3,False
1700,2026,mooch,slate-prion-moody-mooch,4,False
1701,2026,bloom,slate-bipod-bloom,3,False
1702,2026,skull,slate-skull,2,False
1703,2026,roost,slate-hoist-roost,3,False
1704,2026,squad,slate-garbo-shiva-squaw-squad,5,False
1705,2026,mogul,slate-dilly-lurch-mogul,4,False
1706,2026,hoist,slate-hoist,2,False
1707,2026,stank,slate-stagy-staph-stank,4,False
1708,2026,awake,slate-grape-amaze-awake,4,False
1709,2026,guava,slate-churn-guava,3,False
1710,2026,attic,slate-argot-attic,3,False
1711,2026,buyer,slate-pried-bower-buyer,4,False
1712,2026,shred,slate-sheer-shred,3,False
1713,2026,lance,slate-ankle-lance,3,False
1714,2026,dizzy,slate-prion-dizzy,3,False
1715,2026,hydra,slate-cairn-hydra,3,False
1716,2026,fluke,slate-plume-fluke,3,False
1717,2026,slime,slate-slide-slime,3,False
1718,2026,linen,slate-rouen-liken-liven-limen-linen,6,False
1719,2026,theft,slate-tenet-theft,3,False
1720,2026,sheep,slate-sheer-sheen-sheep,4,False
1721,2026,gunky,slate-prion-junky-gunky,4,False
1722,2026,vogue,slate-crump-fudge-vogue,4,False
1723,2026,lobby,slate-dilly-lobby,3,False
1724,2026,hasty,slate-hasty,2,False
1725,2026,shoal,slate-salon-shoal,3,False
1726,2026,teddy,slate-ripen-teddy,3,False
1727,2026,smell,slate-smell,2,False
1728,2026,eaten,slate-tenet-eaten,3,False
1729,2026,ankle,slate-ankle,2,False
1730,2026,grade,slate-grape-graze-caved-grade,5,False
1731,2026,drama,slate-churn-drama,3,False
1732,2026,clasp,slate-clasp,2,False
1733,2026,amply,slate-rally-amply,3,False
1734,2026,rehab,slate-radar-rehab,3,False
1735,2026,oasis,slate-basis-oasis,3,False
1736,2026,slick,slate-hinky-slick,3,False
1737,2026,basil,slate-basil,2,False
1738,2026,serif,slate-sheer-serif,3,False
1739,2026,brood,slate-prion-brood,3,False
1740,2026,wiser,slate-runes-wiser,3,False
1741,2026,befit,slate-ripen-evict-befit,4,False
1742,2026,ivory,slate-prion-corgi-fibro-ivory,5,False
1743,2026,afoot,slate-argot-afoot,3,False
1744,2026,chump,slate-prion-bumpy-chump,4,False
1745,2026,comet,slate-ripen-tweet-bemud-comet,5,False
1746,2026,swamp,slate-chomp-swamp,3,False
1747,2026,fizzy,slate-prion-fizzy,3,False
1748,2026,sober,slate-sheer-sober,3,False
1749,2026,singe,slate-ripen-singe,3,False
1750,2026,sandy,slate-garbo-sappy-sammy-dunsh-sandy,6,False
1751,2026,envoy,slate-pried-enemy-envoy,4,False
1752,2026,sworn,slate-punch-sniff-sworn,4,False
1753,2026,dense,slate-croup-dense,3,False
1754,2026,inlet,slate-legit-inlet,3,False
1755,2026,laden,slate-renal-laden,3,False
1756,2026,carom,slate-cairn-carom,3,False
1757,2026,prude,slate-crump-prude,3,False
1758,2026,alley,slate-alley,2,False
1759,2026,elfin,slate-flier-elfin,3,False
1760,2026,cycle,slate-boric-cycle,3,False
1761,2026,begun,slate-pried-enemy-begun,4,False
1762,2026,cubit,slate-timon-cubit,3,False
1763,2026,belle,slate-ruble-belle,3,False
1764,2026,toady,slate-tramp-twain-toady,4,False
1765,2026,stand,slate-stagy-staph-stars-adunc-stand,6,False
1766,2026,weave,slate-grape-amaze-weave,4,False
1767,2026,clump,slate-bundy-clump,3,False
1768,2026,snore,slate-prion-snore,3,False
1769,2026,tweet,slate-ripen-tweet,3,False
1770,2026,drunk,slate-prion-drunk,3,False
1771,2026,women,slate-pried-hokey-women,4,False
1772,2026,gloss,slate-flush-gloss,3,False
1773,2026,eerie,slate-crump-eerie,3,False
1774,2026,quack,slate-churn-quack,3,False
1775,2026,rural,slate-canal-rural,3,False
1776,2026,crock,slate-prion-crock,3,False
1777,2026,plume,slate-plume,2,False
1778,2026,bring,slate-crony-wring-abamp-bring,5,False
1779,2026,puffy,slate-crony-dumpy-puffy,4,False
1780,2026,riser,slate-runes-riser,3,False
1781,2026,latch,slate-tonal-latch,3,False
1782,2026,liken,slate-rouen-liken,3,False
1783,2026,budge,slate-cupid-budge,3,False
1784,2026,umbra,slate-cairn-agora-umbra,4,False
1785,2026,satin,slate-satin,2,False
1786,2026,parka,slate-cairn-radar-parka,4,False
1787,2026,newly,slate-rouen-newly,3,False
1788,2026,clock,slate-blind-glowy-clomp-accra-clock,6,False
1789,2026,dowdy,slate-crony-doggy-dowdy,4,False
1790,2026,waver,slate-radar-glowy-waver,4,False
1791,2026,creed,slate-pried-freed-creed,4,False
1792,2026,mover,slate-pried-mower-mover,4,False
1793,2026,bylaw,slate-canal-gulag-pilaf-bylaw,5,False
1794,2026,loath,slate-loath,2,False
1795,2026,dusty,slate-fusty-dusty,3,False
1796,2026,wreck,slate-pried-wreck,3,False
1797,2026,agree,slate-capri-agued-agree,4,False
1798,2026,vocal,slate-canal-vocal,3,False
1799,2026,chuck,slate-crony-chuck,3,False
1800,2026,niece,slate-cupid-niece,3,False
1801,2026,visit,slate-orbit-visit,3,False
1802,2026,couch,slate-crony-couch,3,False
1803,2026,stuff,slate-pouch-stuff,3,False
1804,2026,divot,slate-timon-pivot-divot,4,False
1805,2026,clang,slate-clank-clang,3,False
1806,2026,smile,slate-sidle-abamp-smile,4,False
1807,2026,etude,slate-tribe-etude,3,False
1808,2026,chili,slate-dilly-chili,3,False
1809,2026,basis,slate-basis,2,False
1810,2026,notch,slate-timon-notch,3,False
1811,2026,alloy,slate-avian-alloy,3,False
1812,2026,nobly,slate-dilly-wryly-nobly,4,False
1813,2026,morph,slate-prion-morph,3,False
1814,2026,thumb,slate-timon-trump-thumb,4,False
1815,2026,mafia,slate-cairn-mafia,3,False
1816,2026,wharf,slate-franc-wharf,3,False
1817,2026,align,slate-align,2,False
1818,2026,testy,slate-pesto-testy,3,False
1819,2026,break,slate-radar-bream-break,4,False
1820,2026,quell,slate-oiler-quell,3,False
1821,2026,sepia,slate-safer-sepia,3,False
1822,2026,broil,slate-dilly-broil,3,False
1823,2026,amaze,slate-grape-amaze,3,False
1824,2026,token,slate-titer-token,3,False
1825,2026,entry,slate-titer-entry,3,False
1826,2026,emoji,slate-mired-emoji,3,False
1827,2026,drake,slate-grape-drake,3,False
1828,2026,alibi,slate-allay-alibi,3,False
1829,2026,ovate,slate-orate-ovate,3,False
1830,2026,curry,slate-crony-curry,3,False
1831,2026,queer,slate-doper-river-newer-queer,5,False
1832,2026,unity,slate-prion-unity,3,False
1833,2026,acute,slate-carte-acute,3,False
1834,2026,scoop,slate-punch-scoop,3,False
1835,2026,emcee,slate-crump-emcee,3,False
1836,2026,crude,slate-crump-crude,3,False
1837,2026,puppy,slate-crony-bumpy-puppy,4,False
1838,2026,demur,slate-doper-demur,3,False
1839,2026,maven,slate-radar-maven,3,False
1840,2026,baton,slate-argot-tauon-baton,4,False
1841,2026,pizza,slate-cairn-hijab-pizza,4,False
1842,2026,swami,slate-churn-soapy-swami,4,False
1843,2026,toddy,slate-timon-toddy,3,False
1844,2026,sling,slate-kissy-sling,3,False
1845,2026,demon,slate-doper-demon,3,False
1846,2026,amend,slate-radar-amend,3,False
1847,2026,canal,slate-canal,2,False
1848,2026,avian,slate-cairn-avian,3,False
1849,2026,clack,slate-clank-clack,3,False
1850,2026,stout,slate-pouch-enorm-stout,4,False
1851,2026,steak,slate-steak,2,False
1852,2026,pshaw,slate-arson-pshaw,3,False
1853,2026,butte,slate-torte-butte,3,False
1854,2026,legal,slate-renal-fecal-legal,4,False
1855,2026,booth,slate-bound-booth,3,False
