game_num,date,solution
0,2021-06-19,cigar
1,2021-06-20,rebut
2,2021-06-21,sissy
3,2021-06-22,humph
4,2021-06-23,awake
5,2021-06-24,blush
6,2021-06-25,focal
7,2021-06-26,evade
8,2021-06-27,naval
9,2021-06-28,serve
10,2021-06-29,heath
11,2021-06-30,dwarf
12,2021-07-01,model
13,2021-07-02,karma
14,2021-07-03,stink
15,2021-07-04,grade
16,2021-07-05,quiet
17,2021-07-06,bench
18,2021-07-07,abate
19,2021-07-08,feign
20,2021-07-09,major
21,2021-07-10,death
22,2021-07-11,fresh
23,2021-07-12,crust
24,2021-07-13,stool
25,2021-07-14,colon
26,2021-07-15,abase
27,2021-07-16,marry
28,2021-07-17,react
29,2021-07-18,batty
30,2021-07-19,pride
31,2021-07-20,floss
32,2021-07-21,helix
33,2021-07-22,croak
34,2021-07-23,staff
35,2021-07-24,paper
36,2021-07-25,unfed
37,2021-07-26,whelp
38,2021-07-27,trawl
39,2021-07-28,outdo
40,2021-07-29,adobe
41,2021-07-30,crazy
42,2021-07-31,sower
43,2021-08-01,repay
44,2021-08-02,digit
45,2021-08-03,crate
46,2021-08-04,cluck
47,2021-08-05,spike
48,2021-08-06,mimic
49,2021-08-07,pound
50,2021-08-08,maxim
51,2021-08-09,linen
52,2021-08-10,unmet
53,2021-08-11,flesh
54,2021-08-12,booby
55,2021-08-13,forth
56,2021-08-14,first
57,2021-08-15,stand
58,2021-08-16,belly
59,2021-08-17,ivory
60,2021-08-18,seedy
61,2021-08-19,print
62,2021-08-20,yearn
63,2021-08-21,drain
64,2021-08-22,bribe
65,2021-08-23,stout
66,2021-08-24,panel
67,2021-08-25,crass
68,2021-08-26,flume
69,2021-08-27,offal
70,2021-08-28,agree
71,2021-08-29,error
72,2021-08-30,swirl
73,2021-08-31,argue
74,2021-09-01,bleed
75,2021-09-02,delta
76,2021-09-03,flick
77,2021-09-04,totem
78,2021-09-05,wooer
79,2021-09-06,front
80,2021-09-07,shrub
81,2021-09-08,parry
82,2021-09-09,biome
83,2021-09-10,lapel
84,2021-09-11,start
85,2021-09-12,greet
86,2021-09-13,goner
87,2021-09-14,golem
88,2021-09-15,lusty
89,2021-09-16,loopy
90,2021-09-17,round
91,2021-09-18,audit
92,2021-09-19,lying
93,2021-09-20,gamma
94,2021-09-21,labor
95,2021-09-22,islet
96,2021-09-23,civic
97,2021-09-24,forge
98,2021-09-25,corny
99,2021-09-26,moult
100,2021-09-27,basic
101,2021-09-28,salad
102,2021-09-29,agate
103,2021-09-30,spicy
104,2021-10-01,spray
105,2021-10-02,essay
106,2021-10-03,fjord
107,2021-10-04,spend
108,2021-10-05,kebab
109,2021-10-06,guild
110,2021-10-07,aback
111,2021-10-08,motor
112,2021-10-09,alone
113,2021-10-10,hatch
114,2021-10-11,hyper
115,2021-10-12,thumb
116,2021-10-13,dowry
117,2021-10-14,ought
118,2021-10-15,belch
119,2021-10-16,dutch
120,2021-10-17,pilot
121,2021-10-18,tweed
122,2021-10-19,comet
123,2021-10-20,jaunt
124,2021-10-21,enema
125,2021-10-22,steed
126,2021-10-23,abyss
127,2021-10-24,growl
128,2021-10-25,fling
129,2021-10-26,dozen
130,2021-10-27,boozy
131,2021-10-28,erode
132,2021-10-29,world
133,2021-10-30,gouge
134,2021-10-31,click
135,2021-11-01,briar
136,2021-11-02,great
137,2021-11-03,altar
138,2021-11-04,pulpy
139,2021-11-05,blurt
140,2021-11-06,coast
141,2021-11-07,duchy
142,2021-11-08,groin
143,2021-11-09,fixer
144,2021-11-10,group
145,2021-11-11,rogue
146,2021-11-12,badly
147,2021-11-13,smart
148,2021-11-14,pithy
149,2021-11-15,gaudy
150,2021-11-16,chill
151,2021-11-17,heron
152,2021-11-18,vodka
153,2021-11-19,finer
154,2021-11-20,surer
155,2021-11-21,radio
156,2021-11-22,rouge
157,2021-11-23,perch
158,2021-11-24,retch
159,2021-11-25,wrote
160,2021-11-26,clock
161,2021-11-27,tilde
162,2021-11-28,store
163,2021-11-29,prove
164,2021-11-30,bring
165,2021-12-01,solve
166,2021-12-02,cheat
167,2021-12-03,grime
168,2021-12-04,exult
169,2021-12-05,usher
170,2021-12-06,epoch
171,2021-12-07,triad
172,2021-12-08,break
173,2021-12-09,rhino
174,2021-12-10,viral
175,2021-12-11,conic
176,2021-12-12,masse
177,2021-12-13,sonic
178,2021-12-14,vital
179,2021-12-15,trace
180,2021-12-16,using
181,2021-12-17,peach
182,2021-12-18,champ
183,2021-12-19,baton
184,2021-12-20,brake
185,2021-12-21,pluck
186,2021-12-22,craze
187,2021-12-23,gripe
188,2021-12-24,weary
189,2021-12-25,picky
190,2021-12-26,acute
191,2021-12-27,ferry
192,2021-12-28,aside
193,2021-12-29,tapir
194,2021-12-30,troll
195,2021-12-31,unify
196,2022-01-01,rebus
197,2022-01-02,boost
198,2022-01-03,truss
199,2022-01-04,siege
200,2022-01-05,tiger
201,2022-01-06,banal
202,2022-01-07,slump
203,2022-01-08,crank
204,2022-01-09,gorge
205,2022-01-10,query
206,2022-01-11,drink
207,2022-01-12,favor
208,2022-01-13,abbey
209,2022-01-14,tangy
210,2022-01-15,panic
211,2022-01-16,solar
212,2022-01-17,shire
213,2022-01-18,proxy
214,2022-01-19,point
215,2022-01-20,robot
216,2022-01-21,prick
217,2022-01-22,wince
218,2022-01-23,crimp
219,2022-01-24,knoll
220,2022-01-25,sugar
221,2022-01-26,whack
222,2022-01-27,mount
223,2022-01-28,perky
224,2022-01-29,could
225,2022-01-30,wrung
226,2022-01-31,light
227,2022-02-01,those
228,2022-02-02,moist
229,2022-02-03,shard
230,2022-02-04,pleat
231,2022-02-05,aloft
232,2022-02-06,skill
233,2022-02-07,elder
234,2022-02-08,frame
235,2022-02-09,humor
236,2022-02-10,pause
237,2022-02-11,ulcer
238,2022-02-12,ultra
239,2022-02-13,robin
240,2022-02-14,cynic
241,2022-02-15,aroma
242,2022-02-16,caulk
243,2022-02-17,shake
244,2022-02-18,dodge
245,2022-02-19,swill
246,2022-02-20,tacit
247,2022-02-21,other
248,2022-02-22,thorn
249,2022-02-23,trove
250,2022-02-24,bloke
251,2022-02-25,vivid
252,2022-02-26,spill
253,2022-02-27,chant
254,2022-02-28,choke
255,2022-03-01,rupee
256,2022-03-02,nasty
257,2022-03-03,mourn
258,2022-03-04,ahead
259,2022-03-05,brine
260,2022-03-06,cloth
261,2022-03-07,hoard
262,2022-03-08,sweet
263,2022-03-09,month
264,2022-03-10,lapse
265,2022-03-11,watch
266,2022-03-12,today
267,2022-03-13,focus
268,2022-03-14,smelt
269,2022-03-15,tease
270,2022-03-16,cater
271,2022-03-17,movie
272,2022-03-18,saute
273,2022-03-19,allow
274,2022-03-20,renew
275,2022-03-21,their
276,2022-03-22,slosh
277,2022-03-23,purge
278,2022-03-24,chest
279,2022-03-25,depot
280,2022-03-26,epoxy
281,2022-03-27,nymph
282,2022-03-28,found
283,2022-03-29,shall
284,2022-03-30,stove
285,2022-03-31,lowly
286,2022-04-01,snout
287,2022-04-02,trope
288,2022-04-03,fewer
289,2022-04-04,shawl
290,2022-04-05,natal
291,2022-04-06,comma
292,2022-04-07,foray
293,2022-04-08,scare
294,2022-04-09,stair
295,2022-04-10,black
296,2022-04-11,squad
297,2022-04-12,royal
298,2022-04-13,chunk
299,2022-04-14,mince
300,2022-04-15,shame
301,2022-04-16,cheek
302,2022-04-17,ample
303,2022-04-18,flair
304,2022-04-19,foyer
305,2022-04-20,cargo
306,2022-04-21,oxide
307,2022-04-22,plant
308,2022-04-23,olive
309,2022-04-24,inert
310,2022-04-25,askew
311,2022-04-26,heist
312,2022-04-27,shown
313,2022-04-28,zesty
314,2022-04-29,trash
315,2022-04-30,larva
316,2022-05-01,forgo
317,2022-05-02,story
318,2022-05-03,hairy
319,2022-05-04,train
320,2022-05-05,homer
321,2022-05-06,badge
322,2022-05-07,midst
323,2022-05-08,canny
324,2022-05-09,shine
325,2022-05-10,gecko
326,2022-05-11,farce
327,2022-05-12,slung
328,2022-05-13,tipsy
329,2022-05-14,metal
330,2022-05-15,yield
331,2022-05-16,delve
332,2022-05-17,being
333,2022-05-18,scour
334,2022-05-19,glass
335,2022-05-20,gamer
336,2022-05-21,scrap
337,2022-05-22,money
338,2022-05-23,hinge
339,2022-05-24,album
340,2022-05-25,vouch
341,2022-05-26,asset
342,2022-05-27,tiara
343,2022-05-28,crept
344,2022-05-29,bayou
345,2022-05-30,atoll
346,2022-05-31,manor
347,2022-06-01,creak
348,2022-06-02,showy
349,2022-06-03,phase
350,2022-06-04,froth
351,2022-06-05,depth
352,2022-06-06,gloom
353,2022-06-07,flood
354,2022-06-08,trait
355,2022-06-09,girth
356,2022-06-10,piety
357,2022-06-11,goose
358,2022-06-12,float
359,2022-06-13,donor
360,2022-06-14,atone
361,2022-06-15,primo
362,2022-06-16,apron
363,2022-06-17,blown
364,2022-06-18,cacao
365,2022-06-19,loser
366,2022-06-20,input
367,2022-06-21,gloat
368,2022-06-22,awful
369,2022-06-23,brink
370,2022-06-24,smite
371,2022-06-25,beady
372,2022-06-26,rusty
373,2022-06-27,retro
374,2022-06-28,droll
375,2022-06-29,gawky
376,2022-06-30,hutch
377,2022-07-01,pinto
378,2022-07-02,egret
379,2022-07-03,lilac
380,2022-07-04,sever
381,2022-07-05,field
382,2022-07-06,fluff
383,2022-07-07,agape
384,2022-07-08,voice
385,2022-07-09,stead
386,2022-07-10,berth
387,2022-07-11,madam
388,2022-07-12,night
389,2022-07-13,bland
390,2022-07-14,liver
391,2022-07-15,wedge
392,2022-07-16,roomy
393,2022-07-17,wacky
394,2022-07-18,flock
395,2022-07-19,angry
396,2022-07-20,trite
397,2022-07-21,aphid
398,2022-07-22,tryst
399,2022-07-23,midge
400,2022-07-24,power
401,2022-07-25,elope
402,2022-07-26,cinch
403,2022-07-27,motto
404,2022-07-28,stomp
405,2022-07-29,upset
406,2022-07-30,bluff
407,2022-07-31,cramp
408,2022-08-01,quart
409,2022-08-02,coyly
410,2022-08-03,youth
411,2022-08-04,rhyme
412,2022-08-05,buggy
413,2022-08-06,alien
414,2022-08-07,smear
415,2022-08-08,unfit
416,2022-08-09,patty
417,2022-08-10,cling
418,2022-08-11,glean
419,2022-08-12,label
420,2022-08-13,hunky
421,2022-08-14,khaki
422,2022-08-15,poker
423,2022-08-16,gruel
424,2022-08-17,twice
425,2022-08-18,twang
426,2022-08-19,shrug
427,2022-08-20,treat
428,2022-08-21,waste
429,2022-08-22,merit
430,2022-08-23,woven
431,2022-08-24,needy
432,2022-08-25,clown
433,2022-08-26,irony
434,2022-08-27,ruder
435,2022-08-28,gauze
436,2022-08-29,chief
437,2022-08-30,onset
438,2022-08-31,prize
439,2022-09-01,fungi
440,2022-09-02,charm
441,2022-09-03,gully
442,2022-09-04,inter
443,2022-09-05,whoop
444,2022-09-06,taunt
445,2022-09-07,leery
446,2022-09-08,class
447,2022-09-09,theme
448,2022-09-10,lofty
449,2022-09-11,tibia
450,2022-09-12,booze
451,2022-09-13,alpha
452,2022-09-14,thyme
453,2022-09-15,doubt
454,2022-09-16,parer
455,2022-09-17,chute
456,2022-09-18,stick
457,2022-09-19,trice
458,2022-09-20,alike
459,2022-09-21,recap
460,2022-09-22,saint
461,2022-09-23,glory
462,2022-09-24,grate
463,2022-09-25,admit
464,2022-09-26,brisk
465,2022-09-27,soggy
466,2022-09-28,usurp
467,2022-09-29,scald
468,2022-09-30,scorn
469,2022-10-01,leave
470,2022-10-02,twine
471,2022-10-03,sting
472,2022-10-04,bough
473,2022-10-05,marsh
474,2022-10-06,sloth
475,2022-10-07,dandy
476,2022-10-08,vigor
477,2022-10-09,howdy
478,2022-10-10,enjoy
479,2022-10-11,valid
480,2022-10-12,ionic
481,2022-10-13,equal
482,2022-10-14,floor
483,2022-10-15,catch
484,2022-10-16,spade
485,2022-10-17,stein
486,2022-10-18,exist
487,2022-10-19,quirk
488,2022-10-20,denim
489,2022-10-21,grove
490,2022-10-22,spiel
491,2022-10-23,mummy
492,2022-10-24,fault
493,2022-10-25,foggy
494,2022-10-26,flout
495,2022-10-27,carry
496,2022-10-28,sneak
497,2022-10-29,libel
498,2022-10-30,waltz
499,2022-10-31,aptly
500,2022-11-01,piney
501,2022-11-02,inept
502,2022-11-03,aloud
503,2022-11-04,photo
504,2022-11-05,dream
505,2022-11-06,stale
506,2022-11-07,begin
507,2022-11-08,spell
508,2022-11-09,rainy
509,2022-11-10,unite
510,2022-11-11,medal
511,2022-11-12,valet
512,2022-11-13,inane
513,2022-11-14,maple
514,2022-11-15,snarl
515,2022-11-16,baker
516,2022-11-17,there
517,2022-11-18,glyph
518,2022-11-19,avert
519,2022-11-20,brave
520,2022-11-21,axiom
521,2022-11-22,prime
522,2022-11-23,drive
523,2022-11-24,feast
524,2022-11-25,itchy
525,2022-11-26,clean
526,2022-11-27,happy
527,2022-11-28,tepid
528,2022-11-29,undue
529,2022-11-30,study
530,2022-12-01,eject
531,2022-12-02,chafe
532,2022-12-03,torso
533,2022-12-04,adore
534,2022-12-05,woken
535,2022-12-06,amber
536,2022-12-07,joust
537,2022-12-08,infer
538,2022-12-09,braid
539,2022-12-10,knock
540,2022-12-11,naive
541,2022-12-12,apply
542,2022-12-13,spoke
543,2022-12-14,usual
544,2022-12-15,rival
545,2022-12-16,probe
546,2022-12-17,chord
547,2022-12-18,taper
548,2022-12-19,slate
549,2022-12-20,third
550,2022-12-21,lunar
551,2022-12-22,excel
552,2022-12-23,aorta
553,2022-12-24,poise
554,2022-12-25,extra
555,2022-12-26,judge
556,2022-12-27,condo
557,2022-12-28,impel
558,2022-12-29,havoc
559,2022-12-30,molar
560,2022-12-31,manly
561,2023-01-01,whine
562,2023-01-02,skirt
563,2023-01-03,antic
564,2023-01-04,layer
565,2023-01-05,sleek
566,2023-01-06,belie
567,2023-01-07,lemon
568,2023-01-08,opera
569,2023-01-09,pixie
570,2023-01-10,grimy
571,2023-01-11,sedan
572,2023-01-12,leapt
573,2023-01-13,human
574,2023-01-14,koala
575,2023-01-15,spire
576,2023-01-16,frock
577,2023-01-17,adopt
578,2023-01-18,chard
579,2023-01-19,mucky
580,2023-01-20,alter
581,2023-01-21,blurb
582,2023-01-22,matey
583,2023-01-23,elude
584,2023-01-24,count
585,2023-01-25,maize
586,2023-01-26,beefy
587,2023-01-27,worry
588,2023-01-28,flirt
589,2023-01-29,fishy
590,2023-01-30,crave
591,2023-01-31,cross
592,2023-02-01,scold
593,2023-02-02,shirk
594,2023-02-03,tasty
595,2023-02-04,unlit
596,2023-02-05,dance
597,2023-02-06,ninth
598,2023-02-07,apple
599,2023-02-08,flail
600,2023-02-09,stage
601,2023-02-10,heady
602,2023-02-11,debug
603,2023-02-12,giant
604,2023-02-13,usage
605,2023-02-14,sound
606,2023-02-15,salsa
607,2023-02-16,magic
608,2023-02-17,cache
609,2023-02-18,avail
610,2023-02-19,kiosk
611,2023-02-20,sweat
612,2023-02-21,ruddy
613,2023-02-22,riper
614,2023-02-23,vague
615,2023-02-24,arbor
616,2023-02-25,fifty
617,2023-02-26,syrup
618,2023-02-27,worse
619,2023-02-28,polka
620,2023-03-01,moose
621,2023-03-02,above
622,2023-03-03,squat
623,2023-03-04,trend
624,2023-03-05,toxic
625,2023-03-06,pinky
626,2023-03-07,horse
627,2023-03-08,regal
628,2023-03-09,where
629,2023-03-10,revel
630,2023-03-11,email
631,2023-03-12,birth
632,2023-03-13,blame
633,2023-03-14,surly
634,2023-03-15,sweep
635,2023-03-16,cider
636,2023-03-17,mealy
637,2023-03-18,yacht
638,2023-03-19,credo
639,2023-03-20,glove
640,2023-03-21,tough
641,2023-03-22,duvet
642,2023-03-23,staid
643,2023-03-24,grout
644,2023-03-25,voter
645,2023-03-26,untie
646,2023-03-27,guano
647,2023-03-28,hurry
648,2023-03-29,beset
649,2023-03-30,bread
650,2023-03-31,every
651,2023-04-01,march
652,2023-04-02,stock
653,2023-04-03,flora
654,2023-04-04,ratio
655,2023-04-05,smash
656,2023-04-06,leafy
657,2023-04-07,locus
658,2023-04-08,ledge
659,2023-04-09,snafu
660,2023-04-10,under
661,2023-04-11,qualm
662,2023-04-12,borax
663,2023-04-13,carat
664,2023-04-14,thief
665,2023-04-15,agony
666,2023-04-16,dwelt
667,2023-04-17,whiff
668,2023-04-18,hound
669,2023-04-19,thump
670,2023-04-20,plate
671,2023-04-21,kayak
672,2023-04-22,broke
673,2023-04-23,unzip
674,2023-04-24,ditto
675,2023-04-25,joker
676,2023-04-26,metro
677,2023-04-27,logic
678,2023-04-28,circa
679,2023-04-29,cedar
680,2023-04-30,plaza
681,2023-05-01,range
682,2023-05-02,sulky
683,2023-05-03,horde
684,2023-05-04,guppy
685,2023-05-05,below
686,2023-05-06,anger
687,2023-05-07,ghoul
688,2023-05-08,aglow
689,2023-05-09,cocoa
690,2023-05-10,ethic
691,2023-05-11,broom
692,2023-05-12,snack
693,2023-05-13,acrid
694,2023-05-14,scarf
695,2023-05-15,canoe
696,2023-05-16,latte
697,2023-05-17,plank
698,2023-05-18,shorn
699,2023-05-19,grief
700,2023-05-20,flask
701,2023-05-21,brash
702,2023-05-22,igloo
703,2023-05-23,clerk
704,2023-05-24,utter
705,2023-05-25,bagel
706,2023-05-26,swine
707,2023-05-27,ramen
708,2023-05-28,skimp
709,2023-05-29,mouse
710,2023-05-30,kneel
711,2023-05-31,agile
712,2023-06-01,jazzy
713,2023-06-02,humid
714,2023-06-03,nanny
715,2023-06-04,beast
716,2023-06-05,ennui
717,2023-06-06,scout
718,2023-06-07,hater
719,2023-06-08,crumb
720,2023-06-09,balsa
721,2023-06-10,again
722,2023-06-11,guard
723,2023-06-12,wrong
724,2023-06-13,plunk
725,2023-06-14,crime
726,2023-06-15,maybe
727,2023-06-16,strap
728,2023-06-17,ranch
729,2023-06-18,shyly
730,2023-06-19,kazoo
731,2023-06-20,frost
732,2023-06-21,crane
733,2023-06-22,taste
734,2023-06-23,covet
735,2023-06-24,grand
736,2023-06-25,rodeo
737,2023-06-26,guest
738,2023-06-27,about
739,2023-06-28,tract
740,2023-06-29,diner
741,2023-06-30,straw
742,2023-07-01,bleep
743,2023-07-02,mossy
744,2023-07-03,hotel
745,2023-07-04,irate
746,2023-07-05,venom
747,2023-07-06,windy
748,2023-07-07,donut
749,2023-07-08,cower
750,2023-07-09,enter
751,2023-07-10,folly
752,2023-07-11,earth
753,2023-07-12,whirl
754,2023-07-13,barge
755,2023-07-14,fiend
756,2023-07-15,crone
757,2023-07-16,topaz
758,2023-07-17,droop
759,2023-07-18,flyer
760,2023-07-19,tonic
761,2023-07-20,flank
762,2023-07-21,burly
763,2023-07-22,froze
764,2023-07-23,whale
765,2023-07-24,hobby
766,2023-07-25,wheel
767,2023-07-26,heart
768,2023-07-27,disco
769,2023-07-28,ethos
770,2023-07-29,curly
771,2023-07-30,bathe
772,2023-07-31,style
773,2023-08-01,tenth
774,2023-08-02,beget
775,2023-08-03,party
776,2023-08-04,chart
777,2023-08-05,anode
778,2023-08-06,polyp
779,2023-08-07,brook
780,2023-08-08,bully
781,2023-08-09,lover
782,2023-08-10,empty
783,2023-08-11,hello
784,2023-08-12,quick
785,2023-08-13,wrath
786,2023-08-14,snaky
787,2023-08-15,index
788,2023-08-16,scrub
789,2023-08-17,amiss
790,2023-08-18,exact
791,2023-08-19,magma
792,2023-08-20,quest
793,2023-08-21,beach
794,2023-08-22,spice
795,2023-08-23,verve
796,2023-08-24,wordy
797,2023-08-25,ocean
798,2023-08-26,choir
799,2023-08-27,peace
800,2023-08-28,write
801,2023-08-29,caper
802,2023-08-30,audio
803,2023-08-31,bride
804,2023-09-01,space
805,2023-09-02,onion
806,2023-09-03,await
807,2023-09-04,giddy
808,2023-09-05,birch
809,2023-09-06,gnash
810,2023-09-07,dwell
811,2023-09-08,rouse
812,2023-09-09,lucky
813,2023-09-10,quote
814,2023-09-11,older
815,2023-09-12,whisk
816,2023-09-13,clear
817,2023-09-14,rayon
818,2023-09-15,exert
819,2023-09-16,angel
820,2023-09-17,music
821,2023-09-18,frank
822,2023-09-19,close
823,2023-09-20,snare
824,2023-09-21,stone
825,2023-09-22,brush
826,2023-09-23,carol
827,2023-09-24,right
828,2023-09-25,rocky
829,2023-09-26,loyal
830,2023-09-27,smile
831,2023-09-28,coach
832,2023-09-29,azure
833,2023-09-30,daddy
834,2023-10-01,beret
835,2023-10-02,merry
836,2023-10-03,while
837,2023-10-04,spurt
838,2023-10-05,bunch
839,2023-10-06,chime
840,2023-10-07,viola
841,2023-10-08,binge
842,2023-10-09,truth
843,2023-10-10,snail
844,2023-10-11,skunk
845,2023-10-12,knelt
846,2023-10-13,uncle
847,2023-10-14,agent
848,2023-10-15,leaky
849,2023-10-16,graph
850,2023-10-17,adult
851,2023-10-18,mercy
852,2023-10-19,splat
853,2023-10-20,occur
854,2023-10-21,smirk
855,2023-10-22,given
856,2023-10-23,tempo
857,2023-10-24,cause
858,2023-10-25,retry
859,2023-10-26,pique
860,2023-10-27,noble
861,2023-10-28,mason
862,2023-10-29,phony
863,2023-10-30,grail
864,2023-10-31,bleak
865,2023-11-01,noise
866,2023-11-02,until
867,2023-11-03,ardor
868,2023-11-04,mania
869,2023-11-05,flare
870,2023-11-06,trade
871,2023-11-07,limit
872,2023-11-08,ninja
873,2023-11-09,glaze
874,2023-11-10,leash
875,2023-11-11,actor
876,2023-11-12,meant
877,2023-11-13,green
878,2023-11-14,sassy
879,2023-11-15,sight
880,2023-11-16,trust
881,2023-11-17,tardy
882,2023-11-18,think
883,2023-11-19,queue
884,2023-11-20,candy
885,2023-11-21,piano
886,2023-11-22,pixel
887,2023-11-23,queen
888,2023-11-24,throw
889,2023-11-25,guide
890,2023-11-26,solid
891,2023-11-27,tawny
892,2023-11-28,scope
893,2023-11-29,sushi
894,2023-11-30,resin
895,2023-12-01,taken
896,2023-12-02,genre
897,2023-12-03,adapt
898,2023-12-04,worst
899,2023-12-05,young
900,2023-12-06,woman
901,2023-12-07,sleep
902,2023-12-08,sharp
903,2023-12-09,shift
904,2023-12-10,chain
905,2023-12-11,house
906,2023-12-12,these
907,2023-12-13,spent
908,2023-12-14,would
909,2023-12-15,topic
910,2023-12-16,globe
911,2023-12-17,bacon
912,2023-12-18,funny
913,2023-12-19,table
914,2023-12-20,small
915,2023-12-21,built
916,2023-12-22,touch
917,2023-12-23,slope
918,2023-12-24,grace
919,2023-12-25,evoke
920,2023-12-26,phone
921,2023-12-27,daisy
922,2023-12-28,learn
923,2023-12-29,child
924,2023-12-30,three
925,2023-12-31,salty
926,2024-01-01,mural
927,2024-01-02,aging
928,2024-01-03,twirl
929,2024-01-04,scant
930,2024-01-05,lunge
931,2024-01-06,cable
932,2024-01-07,stony
933,2024-01-08,final
934,2024-01-09,liner
935,2024-01-10,threw
936,2024-01-11,brief
937,2024-01-12,route
938,2024-01-13,heard
939,2024-01-14,doing
940,2024-01-15,lunch
941,2024-01-16,blond
942,2024-01-17,court
943,2024-01-18,stole
944,2024-01-19,thing
945,2024-01-20,large
946,2024-01-21,north
947,2024-01-22,tweak
948,2024-01-23,still
949,2024-01-24,relic
950,2024-01-25,block
951,2024-01-26,aloof
952,2024-01-27,snake
953,2024-01-28,ember
954,2024-01-29,leggy
955,2024-01-30,expel
956,2024-01-31,bulky
957,2024-02-01,alive
958,2024-02-02,cleft
959,2024-02-03,micro
960,2024-02-04,verge
961,2024-02-05,repel
962,2024-02-06,which
963,2024-02-07,after
964,2024-02-08,place
965,2024-02-09,stiff
966,2024-02-10,fried
967,2024-02-11,never
968,2024-02-12,pasta
969,2024-02-13,scram
970,2024-02-14,talon
971,2024-02-15,ascot
972,2024-02-16,stash
973,2024-02-17,psalm
974,2024-02-18,ridge
975,2024-02-19,price
976,2024-02-20,match
977,2024-02-21,build
978,2024-02-22,heavy
979,2024-02-23,apart
980,2024-02-24,piper
981,2024-02-25,smith
982,2024-02-26,often
983,2024-02-27,sense
984,2024-02-28,devil
985,2024-02-29,image
986,2024-03-01,forty
987,2024-03-02,urban
988,2024-03-03,state
989,2024-03-04,flame
990,2024-03-05,hunch
991,2024-03-06,teary
992,2024-03-07,clone
993,2024-03-08,early
994,2024-03-09,cheer
995,2024-03-10,grasp
996,2024-03-11,pesky
997,2024-03-12,heave
998,2024-03-13,local
999,2024-03-14,since
1000,2024-03-15,erupt
1001,2024-03-16,toxin
1002,2024-03-17,snort
1003,2024-03-18,spelt
1004,2024-03-19,abide
1005,2024-03-20,lingo
1006,2024-03-21,shade
1007,2024-03-22,decay
1008,2024-03-23,risen
1009,2024-03-24,towel
1010,2024-03-25,sally
1011,2024-03-26,mayor
1012,2024-03-27,stung
1013,2024-03-28,speak
1014,2024-03-29,realm
1015,2024-03-30,force
1016,2024-03-31,taboo
1017,2024-04-01,frond
1018,2024-04-02,serum
1019,2024-04-03,plait
1020,2024-04-04,climb
1021,2024-04-05,wrist
1022,2024-04-06,finch
1023,2024-04-07,voila
1024,2024-04-08,breed
1025,2024-04-09,merge
1026,2024-04-10,broth
1027,2024-04-11,louse
1028,2024-04-12,whiny
1029,2024-04-13,steel
1030,2024-04-14,blimp
1031,2024-04-15,equip
1032,2024-04-16,shank
1033,2024-04-17,tithe
1034,2024-04-18,facet
1035,2024-04-19,raise
1036,2024-04-20,lucid
1037,2024-04-21,jolly
1038,2024-04-22,laser
1039,2024-04-23,rover
1040,2024-04-24,overt
1041,2024-04-25,intro
1042,2024-04-26,vapid
1043,2024-04-27,gleam
1044,2024-04-28,prune
1045,2024-04-29,craft
1046,2024-04-30,prowl
1047,2024-05-01,diary
1048,2024-05-02,slice
1049,2024-05-03,ebony
1050,2024-05-04,value
1051,2024-05-05,decal
1052,2024-05-06,shave
1053,2024-05-07,musty
1054,2024-05-08,pious
1055,2024-05-09,jerky
1056,2024-05-10,media
1057,2024-05-11,tidal
1058,2024-05-12,outer
1059,2024-05-13,cumin
1060,2024-05-14,amass
1061,2024-05-15,pinch
1062,2024-05-16,stall
1063,2024-05-17,tutor
1064,2024-05-18,briny
1065,2024-05-19,hitch
1066,2024-05-20,nicer
1067,2024-05-21,dingo
1068,2024-05-22,exalt
1069,2024-05-23,swish
1070,2024-05-24,glide
1071,2024-05-25,titan
1072,2024-05-26,bevel
1073,2024-05-27,skier
1074,2024-05-28,minus
1075,2024-05-29,papal
1076,2024-05-30,gummy
1077,2024-05-31,chaos
1078,2024-06-01,basin
1079,2024-06-02,bravo
1080,2024-06-03,stark
1081,2024-06-04,groom
1082,2024-06-05,organ
1083,2024-06-06,ether
1084,2024-06-07,melon
1085,2024-06-08,hence
1086,2024-06-09,crowd
1087,2024-06-10,manga
1088,2024-06-11,swung
1089,2024-06-12,deter
1090,2024-06-13,angst
1091,2024-06-14,vault
1092,2024-06-15,proud
1093,2024-06-16,grind
1094,2024-06-17,prior
1095,2024-06-18,cover
1096,2024-06-19,terse
1097,2024-06-20,scent
1098,2024-06-21,paint
1099,2024-06-22,edict
1100,2024-06-23,bugle
1101,2024-06-24,dolly
1102,2024-06-25,savor
1103,2024-06-26,knead
1104,2024-06-27,order
1105,2024-06-28,drove
1106,2024-06-29,zebra
1107,2024-06-30,buddy
1108,2024-07-01,adage
1109,2024-07-02,inlay
1110,2024-07-03,thigh
1111,2024-07-04,debut
1112,2024-07-05,crush
1113,2024-07-06,scoff
1114,2024-07-07,canon
1115,2024-07-08,shape
1116,2024-07-09,blare
1117,2024-07-10,gaunt
1118,2024-07-11,cameo
1119,2024-07-12,jiffy
1120,2024-07-13,enact
1121,2024-07-14,video
1122,2024-07-15,swoon
1123,2024-07-16,decoy
1124,2024-07-17,quite
1125,2024-07-18,nerdy
1126,2024-07-19,refer
1127,2024-07-20,shaft
1128,2024-07-21,speck
1129,2024-07-22,cadet
1130,2024-07-23,prong
1131,2024-07-24,forte
1132,2024-07-25,porch
1133,2024-07-26,awash
1134,2024-07-27,juice
1135,2024-07-28,smock
1136,2024-07-29,super
1137,2024-07-30,feral
1138,2024-07-31,penne
1139,2024-08-01,chalk
1140,2024-08-02,flake
1141,2024-08-03,scale
1142,2024-08-04,lower
1143,2024-08-05,ensue
1144,2024-08-06,anvil
1145,2024-08-07,macaw
1146,2024-08-08,saucy
1147,2024-08-09,ounce
1148,2024-08-10,medic
1149,2024-08-11,scone
1150,2024-08-12,skiff
1151,2024-08-13,neigh
1152,2024-08-14,shore
1153,2024-08-15,acorn
1154,2024-08-16,brace
1155,2024-08-17,storm
1156,2024-08-18,lanky
1157,2024-08-19,meter
1158,2024-08-20,delay
1159,2024-08-21,mulch
1160,2024-08-22,brute
1161,2024-08-23,leech
1162,2024-08-24,filet
1163,2024-08-25,skate
1164,2024-08-26,stake
1165,2024-08-27,crown
1166,2024-08-28,lithe
1167,2024-08-29,flunk
1168,2024-08-30,knave
1169,2024-08-31,spout
1170,2024-09-01,mushy
1171,2024-09-02,camel
1172,2024-09-03,faint
1173,2024-09-04,stern
1174,2024-09-05,widen
1175,2024-09-06,rerun
1176,2024-09-07,owner
1177,2024-09-08,drawn
1178,2024-09-09,debit
1179,2024-09-10,rebel
1180,2024-09-11,aisle
1181,2024-09-12,brass
1182,2024-09-13,harsh
1183,2024-09-14,broad
1184,2024-09-15,recur
1185,2024-09-16,honey
1186,2024-09-17,beaut
1187,2024-09-18,fully
1188,2024-09-19,press
1189,2024-09-20,smoke
1190,2024-09-21,seven
1191,2024-09-22,teach
1192,2024-09-23,steam
1193,2024-09-24,handy
1194,2024-09-25,torch
1195,2024-09-26,thank
1196,2024-09-27,faith
1197,2024-09-28,brain
1198,2024-09-29,rider
1199,2024-09-30,cloud
1200,2024-10-01,modem
1201,2024-10-02,shell
1202,2024-10-03,wagon
1203,2024-10-04,title
1204,2024-10-05,miner
1205,2024-10-06,lager
1206,2024-10-07,flour
1207,2024-10-08,joint
1208,2024-10-09,mommy
1209,2024-10-10,carve
1210,2024-10-11,gusty
1211,2024-10-12,stain
1212,2024-10-13,prone
1213,2024-10-14,gamut
1214,2024-10-15,corer
1215,2024-10-16,grant
1216,2024-10-17,halve
1217,2024-10-18,stint
1218,2024-10-19,fiber
1219,2024-10-20,dicey
1220,2024-10-21,spoon
1221,2024-10-22,shout
1222,2024-10-23,goofy
1223,2024-10-24,bossy
1224,2024-10-25,frown
1225,2024-10-26,wreak
1226,2024-10-27,sandy
1227,2024-10-28,bawdy
1228,2024-10-29,tunic
1229,2024-10-30,easel
1230,2024-10-31,weird
1231,2024-11-01,sixth
1232,2024-11-02,snoop
1233,2024-11-03,blaze
1234,2024-11-04,vinyl
1235,2024-11-05,octet
1236,2024-11-06,truly
1237,2024-11-07,event
1238,2024-11-08,ready
1239,2024-11-09,swell
1240,2024-11-10,inner
1241,2024-11-11,stoic
1242,2024-11-12,flown
1243,2024-11-13,primp
1244,2024-11-14,uvula
1245,2024-11-15,tacky
1246,2024-11-16,visor
1247,2024-11-17,tally
1248,2024-11-18,frail
1249,2024-11-19,going
1250,2024-11-20,niche
1251,2024-11-21,spine
1252,2024-11-22,pearl
1253,2024-11-23,jelly
1254,2024-11-24,twist
1255,2024-11-25,brown
1256,2024-11-26,witch
1257,2024-11-27,slang
1258,2024-11-28,chock
1259,2024-11-29,hippo
1260,2024-11-30,dogma
1261,2024-12-01,mauve
1262,2024-12-02,guile
1263,2024-12-03,shaky
1264,2024-12-04,crypt
1265,2024-12-05,endow
1266,2024-12-06,shove
1267,2024-12-07,hilly
1268,2024-12-08,hyena
1269,2024-12-09,flung
1270,2024-12-10,patio
1271,2024-12-11,plumb
1272,2024-12-12,vying
1273,2024-12-13,boxer
1274,2024-12-14,drool
1275,2024-12-15,funky
1276,2024-12-16,boast
1277,2024-12-17,scowl
1278,2024-12-18,hefty
1279,2024-12-19,stray
1280,2024-12-20,flash
1281,2024-12-21,blade
1282,2024-12-22,brawn
1283,2024-12-23,sauna
1284,2024-12-24,eagle
1285,2024-12-25,share
1286,2024-12-26,affix
1287,2024-12-27,grain
1288,2024-12-28,decry
1289,2024-12-29,mambo
1290,2024-12-30,stare
1291,2024-12-31,lemur
1292,2025-01-01,nerve
1293,2025-01-02,chose
1294,2025-01-03,cheap
1295,2025-01-04,relax
1296,2025-01-05,cyber
1297,2025-01-06,sprig
1298,2025-01-07,atlas
1299,2025-01-08,draft
1300,2025-01-09,wafer
1301,2025-01-10,crawl
1302,2025-01-11,dingy
1303,2025-01-12,total
1304,2025-01-13,cloak
1305,2025-01-14,fancy
1306,2025-01-15,knack
1307,2025-01-16,flint
1308,2025-01-17,prose
1309,2025-01-18,silly
1310,2025-01-19,rower
1311,2025-01-20,squid
1312,2025-01-21,icing
1313,2025-01-22,reach
1314,2025-01-23,upper
1315,2025-01-24,crepe
1316,2025-01-25,crisp
1317,2025-01-26,sunny
1318,2025-01-27,shunt
1319,2025-01-28,fever
1320,2025-01-29,udder
1321,2025-01-30,false
1322,2025-01-31,toast
1323,2025-02-01,rivet
1324,2025-02-02,chore
1325,2025-02-03,revue
1326,2025-02-04,tooth
1327,2025-02-05,pedal
1328,2025-02-06,pupil
1329,2025-02-07,swath
1330,2025-02-08,steep
1331,2025-02-09,bonus
1332,2025-02-10,goody
1333,2025-02-11,score
1334,2025-02-12,rapid
1335,2025-02-13,rumba
1336,2025-02-14,ditty
1337,2025-02-15,crook
1338,2025-02-16,suave
1339,2025-02-17,trail
1340,2025-02-18,indie
1341,2025-02-19,madly
1342,2025-02-20,roach
1343,2025-02-21,clove
1344,2025-02-22,cream
1345,2025-02-23,otter
1346,2025-02-24,gland
1347,2025-02-25,dryer
1348,2025-02-26,award
1349,2025-02-27,lodge
1350,2025-02-28,fuzzy
1351,2025-03-01,hover
1352,2025-03-02,deity
1353,2025-03-03,spear
1354,2025-03-04,check
1355,2025-03-05,scrum
1356,2025-03-06,alert
1357,2025-03-07,troop
1358,2025-03-08,navel
1359,2025-03-09,greed
1360,2025-03-10,spite
1361,2025-03-11,track
1362,2025-03-12,mango
1363,2025-03-13,chase
1364,2025-03-14,piece
1365,2025-03-15,ladle
1366,2025-03-16,stamp
1367,2025-03-17,lasso
1368,2025-03-18,timer
1369,2025-03-19,spark
1370,2025-03-20,baste
1371,2025-03-21,nudge
1372,2025-03-22,amble
1373,2025-03-23,dopey
1374,2025-03-24,angle
1375,2025-03-25,shelf
1376,2025-03-26,elbow
1377,2025-03-27,sheet
1378,2025-03-28,verse
1379,2025-03-29,sorry
1380,2025-03-30,quota
1381,2025-03-31,booty
1382,2025-04-01,jewel
1383,2025-04-02,curse
1384,2025-04-03,shear
1385,2025-04-04,krill
1386,2025-04-05,foamy
1387,2025-04-06,villa
1388,2025-04-07,hazel
1389,2025-04-08,spare
1390,2025-04-09,wheat
1391,2025-04-10,turbo
1392,2025-04-11,arrow
1393,2025-04-12,nurse
1394,2025-04-13,laugh
1395,2025-04-14,crest
1396,2025-04-15,ashen
1397,2025-04-16,moral
1398,2025-04-17,stood
1399,2025-04-18,dirge
1400,2025-04-19,inbox
1401,2025-04-20,patch
1402,2025-04-21,spate
1403,2025-04-22,artsy
1404,2025-04-23,ozone
1405,2025-04-24,genie
1406,2025-04-25,known
1407,2025-04-26,clash
1408,2025-04-27,weedy
1409,2025-04-28,dummy
1410,2025-04-29,bliss
1411,2025-04-30,idler
1412,2025-05-01,adept
1413,2025-05-02,whose
1414,2025-05-03,patsy
1415,2025-05-04,trout
1416,2025-05-05,shush
1417,2025-05-06,suite
1418,2025-05-07,macho
1419,2025-05-08,balmy
1420,2025-05-09,tripe
1421,2025-05-10,yeast
1422,2025-05-11,dowel
1423,2025-05-12,bicep
1424,2025-05-13,aware
1425,2025-05-14,bongo
1426,2025-05-15,eager
1427,2025-05-16,fifth
1428,2025-05-17,grown
1429,2025-05-18,livid
1430,2025-05-19,pitch
1431,2025-05-20,borne
1432,2025-05-21,alarm
1433,2025-05-22,folio
1434,2025-05-23,shuck
1435,2025-05-24,suede
1436,2025-05-25,grift
1437,2025-05-26,drone
1438,2025-05-27,sport
1439,2025-05-28,polar
1440,2025-05-29,quash
1441,2025-05-30,idiom
1442,2025-05-31,habit
1443,2025-06-01,rough
1444,2025-06-02,preen
1445,2025-06-03,admin
1446,2025-06-04,cease
1447,2025-06-05,datum
1448,2025-06-06,edify
1449,2025-06-07,reuse
1450,2025-06-08,lease
1451,2025-06-09,board
1452,2025-06-10,taffy
1453,2025-06-11,plaid
1454,2025-06-12,vixen
1455,2025-06-13,bilge
1456,2025-06-14,ghost
1457,2025-06-15,quail
1458,2025-06-16,petty
1459,2025-06-17,prank
1460,2025-06-18,munch
1461,2025-06-19,curio
1462,2025-06-20,taupe
1463,2025-06-21,glade
1464,2025-06-22,thrum
1465,2025-06-23,oddly
1466,2025-06-24,elite
1467,2025-06-25,comfy
1468,2025-06-26,offer
1469,2025-06-27,plain
1470,2025-06-28,stump
1471,2025-06-29,witty
1472,2025-06-30,blink
1473,2025-07-01,moldy
1474,2025-07-02,incur
1475,2025-07-03,poppy
1476,2025-07-04,curve
1477,2025-07-05,baler
1478,2025-07-06,atria
1479,2025-07-07,stilt
1480,2025-07-08,dread
1481,2025-07-09,novel
1482,2025-07-10,jumpy
1483,2025-07-11,brand
1484,2025-07-12,exile
1485,2025-07-13,gnome
1486,2025-07-14,undid
1487,2025-07-15,foist
1488,2025-07-16,nervy
1489,2025-07-17,modal
1490,2025-07-18,loris
1491,2025-07-19,sword
1492,2025-07-20,blank
1493,2025-07-21,tizzy
1494,2025-07-22,burnt
1495,2025-07-23,water
1496,2025-07-24,quake
1497,2025-07-25,gofer
1498,2025-07-26,haunt
1499,2025-07-27,whole
1500,2025-07-28,savvy
1501,2025-07-29,omega
1502,2025-07-30,assay
1503,2025-07-31,frill
1504,2025-08-01,banjo
1505,2025-08-02,daunt
1506,2025-08-03,lumpy
1507,2025-08-04,rigid
1508,2025-08-05,stork
1509,2025-08-06,groan
1510,2025-08-07,coral
1511,2025-08-08,imbue
1512,2025-08-09,nasal
1513,2025-08-10,minty
1514,2025-08-11,south
1515,2025-08-12,nomad
1516,2025-08-13,kefir
1517,2025-08-14,knell
1518,2025-08-15,level
1519,2025-08-16,matte
1520,2025-08-17,lousy
1521,2025-08-18,issue
1522,2025-08-19,rowdy
1523,2025-08-20,llama
1524,2025-08-21,extol
1525,2025-08-22,ratty
1526,2025-08-23,union
1527,2025-08-24,spore
1528,2025-08-25,mirth
1529,2025-08-26,annex
1530,2025-08-27,tower
1531,2025-08-28,split
1532,2025-08-29,graft
1533,2025-08-30,elate
1534,2025-08-31,petal
1535,2025-09-01,least
1536,2025-09-02,might
1537,2025-09-03,fetch
1538,2025-09-04,blend
1539,2025-09-05,drift
1540,2025-09-06,bulge
1541,2025-09-07,tenor
1542,2025-09-08,chirp
1543,2025-09-09,trick
1544,2025-09-10,pouty
1545,2025-09-11,chair
1546,2025-09-12,throb
1547,2025-09-13,nadir
1548,2025-09-14,noisy
1549,2025-09-15,along
1550,2025-09-16,lefty
1551,2025-09-17,teeth
1552,2025-09-18,knife
1553,2025-09-19,later
1554,2025-09-20,defer
1555,2025-09-21,coven
1556,2025-09-22,quill
1557,2025-09-23,mouth
1558,2025-09-24,blunt
1559,2025-09-25,drape
1560,2025-09-26,dally
1561,2025-09-27,fritz
1562,2025-09-28,gooey
1563,2025-09-29,civil
1564,2025-09-30,geese
1565,2025-10-01,spoil
1566,2025-10-02,width
1567,2025-10-03,spasm
1568,2025-10-04,relay
1569,2025-10-05,plane
1570,2025-10-06,amuse
1571,2025-10-07,nylon
1572,2025-10-08,annoy
1573,2025-10-09,hardy
1574,2025-10-10,lever
1575,2025-10-11,stack
1576,2025-10-12,wound
1577,2025-10-13,beard
1578,2025-10-14,forum
1579,2025-10-15,spoof
1580,2025-10-16,catty
1581,2025-10-17,gross
1582,2025-10-18,haven
1583,2025-10-19,ideal
1584,2025-10-20,limbo
1585,2025-10-21,detox
1586,2025-10-22,stunt
1587,2025-10-23,drill
1588,2025-10-24,tuber
1589,2025-10-25,gauge
1590,2025-10-26,plump
1591,2025-10-27,fetid
1592,2025-10-28,holly
1593,2025-10-29,glare
1594,2025-10-30,lathe
1595,2025-10-31,abhor
1596,2025-11-01,motel
1597,2025-11-02,rabid
1598,2025-11-03,awoke
1599,2025-11-04,venue
1600,2025-11-05,short
1601,2025-11-06,guise
1602,2025-11-07,peril
1603,2025-11-08,arise
1604,2025-11-09,fugue
1605,2025-11-10,tabby
1606,2025-11-11,gizmo
1607,2025-11-12,deuce
1608,2025-11-13,tinge
1609,2025-11-14,lurid
1610,2025-11-15,clung
1611,2025-11-16,wield
1612,2025-11-17,clamp
1613,2025-11-18,opine
1614,2025-11-19,maker
1615,2025-11-20,grave
1616,2025-11-21,vowel
1617,2025-11-22,thick
1618,2025-11-23,bunny
1619,2025-11-24,dough
1620,2025-11-25,plead
1621,2025-11-26,hovel
1622,2025-11-27,remit
1623,2025-11-28,colic
1624,2025-11-29,gruff
1625,2025-11-30,muggy
1626,2025-12-01,leach
1627,2025-12-02,cacti
1628,2025-12-03,haste
1629,2025-12-04,tulip
1630,2025-12-05,among
1631,2025-12-06,waist
1632,2025-12-07,flute
1633,2025-12-08,gravy
1634,2025-12-09,snide
1635,2025-12-10,erase
1636,2025-12-11,guess
1637,2025-12-12,truck
1638,2025-12-13,miser
1639,2025-12-14,swing
1640,2025-12-15,dodgy
1641,2025-12-16,segue
1642,2025-12-17,grass
1643,2025-12-18,rugby
1644,2025-12-19,myrrh
1645,2025-12-20,white
1646,2025-12-21,quilt
1647,2025-12-22,conch
1648,2025-12-23,glint
1649,2025-12-24,spool
1650,2025-12-25,prism
1651,2025-12-26,speed
1652,2025-12-27,batch
1653,2025-12-28,abbot
1654,2025-12-29,fruit
1655,2025-12-30,decor
1656,2025-12-31,siren
1657,2026-01-01,fable
1658,2026-01-02,proof
1659,2026-01-03,sitar
1660,2026-01-04,posse
1661,2026-01-05,filly
1662,2026-01-06,oomph
1663,2026-01-07,pecan
1664,2026-01-08,blast
1665,2026-01-09,eight
1666,2026-01-10,manic
1667,2026-01-11,quark
1668,2026-01-12,trial
1669,2026-01-13,gumbo
1670,2026-01-14,avoid
1671,2026-01-15,chasm
1672,2026-01-16,racer
1673,2026-01-17,fiery
1674,2026-01-18,sumac
1675,2026-01-19,waxen
1676,2026-01-20,sully
1677,2026-01-21,cubic
1678,2026-01-22,clink
1679,2026-01-23,baron
1680,2026-01-24,cliff
1681,2026-01-25,strut
1682,2026-01-26,freak
1683,2026-01-27,dusky
1684,2026-01-28,cruel
1685,2026-01-29,flaky
1686,2026-01-30,jumbo
1687,2026-01-31,allot
1688,2026-02-01,spiny
1689,2026-02-02,cigar
1690,2026-02-03,weigh
1691,2026-02-04,chide
1692,2026-02-05,swoop
1693,2026-02-06,gavel
1694,2026-02-07,bleat
1695,2026-02-08,embed
1696,2026-02-09,cello
1697,2026-02-10,scene
1698,2026-02-11,vegan
1699,2026-02-12,surge
1700,2026-02-13,mooch
1701,2026-02-14,bloom
1702,2026-02-15,skull
1703,2026-02-16,roost
1704,2026-02-17,squad
1705,2026-02-18,mogul
1706,2026-02-19,hoist
1707,2026-02-20,stank
1708,2026-02-21,awake
1709,2026-02-22,guava
1710,2026-02-23,attic
1711,2026-02-24,buyer
1712,2026-02-25,shred
1713,2026-02-26,lance
1714,2026-02-27,dizzy
1715,2026-02-28,hydra
1716,2026-03-01,fluke
1717,2026-03-02,slime
1718,2026-03-03,linen
1719,2026-03-04,theft
1720,2026-03-05,sheep
1721,2026-03-06,gunky
1722,2026-03-07,vogue
1723,2026-03-08,lobby
1724,2026-03-09,hasty
1725,2026-03-10,shoal
1726,2026-03-11,teddy
1727,2026-03-12,smell
1728,2026-03-13,eaten
1729,2026-03-14,ankle
1730,2026-03-15,grade
1731,2026-03-16,drama
1732,2026-03-17,clasp
1733,2026-03-18,amply
1734,2026-03-19,rehab
1735,2026-03-20,oasis
1736,2026-03-21,slick
1737,2026-03-22,basil
1738,2026-03-23,serif
1739,2026-03-24,brood
1740,2026-03-25,wiser
1741,2026-03-26,befit
1742,2026-03-27,ivory
1743,2026-03-28,afoot
1744,2026-03-29,chump
1745,2026-03-30,comet
1746,2026-03-31,swamp
1747,2026-04-01,fizzy
1748,2026-04-02,sober
1749,2026-04-03,singe
1750,2026-04-04,sandy
1751,2026-04-05,envoy
1752,2026-04-06,sworn
1753,2026-04-07,dense
1754,2026-04-08,inlet
1755,2026-04-09,laden
1756,2026-04-10,carom
1757,2026-04-11,prude
1758,2026-04-12,alley
1759,2026-04-13,elfin
1760,2026-04-14,cycle
1761,2026-04-15,begun
1762,2026-04-16,cubit
1763,2026-04-17,belle
1764,2026-04-18,toady
1765,2026-04-19,stand
1766,2026-04-20,weave
1767,2026-04-21,clump
1768,2026-04-22,snore
1769,2026-04-23,tweet
1770,2026-04-24,drunk
1771,2026-04-25,women
1772,2026-04-26,gloss
1773,2026-04-27,eerie
1774,2026-04-28,quack
1775,2026-04-29,rural
1776,2026-04-30,crock
1777,2026-05-01,plume
1778,2026-05-02,bring
1779,2026-05-03,puffy
1780,2026-05-04,riser
1781,2026-05-05,latch
1782,2026-05-06,liken
1783,2026-05-07,budge
1784,2026-05-08,umbra
1785,2026-05-09,satin
1786,2026-05-10,parka
1787,2026-05-11,newly
1788,2026-05-12,clock
1789,2026-05-13,dowdy
1790,2026-05-14,waver
1791,2026-05-15,creed
1792,2026-05-16,mover
1793,2026-05-17,bylaw
1794,2026-05-18,loath
1795,2026-05-19,dusty
1796,2026-05-20,wreck
1797,2026-05-21,agree
1798,2026-05-22,vocal
1799,2026-05-23,chuck
1800,2026-05-24,niece
1801,2026-05-25,visit
1802,2026-05-26,couch
1803,2026-05-27,stuff
1804,2026-05-28,divot
1805,2026-05-29,clang
1806,2026-05-30,smile
1807,2026-05-31,etude
1808,2026-06-01,chili
1809,2026-06-02,basis
1810,2026-06-03,notch
1811,2026-06-04,alloy
1812,2026-06-05,nobly
1813,2026-06-06,morph
1814,2026-06-07,thumb
1815,2026-06-08,mafia
1816,2026-06-09,wharf
1817,2026-06-10,align
1818,2026-06-11,testy
1819,2026-06-12,break
1820,2026-06-13,quell
1821,2026-06-14,sepia
1822,2026-06-15,broil
1823,2026-06-16,amaze
1824,2026-06-17,token
1825,2026-06-18,entry
1826,2026-06-19,emoji
1827,2026-06-20,drake
1828,2026-06-21,alibi
1829,2026-06-22,ovate
1830,2026-06-23,curry
1831,2026-06-24,queer
1832,2026-06-25,unity
1833,2026-06-26,acute
1834,2026-06-27,scoop
1835,2026-06-28,emcee
1836,2026-06-29,crude
1837,2026-06-30,puppy
1838,2026-07-01,demur
1839,2026-07-02,maven
1840,2026-07-03,baton
1841,2026-07-04,pizza
1842,2026-07-05,swami
1843,2026-07-06,toddy
1844,2026-07-07,sling
1845,2026-07-08,demon
1846,2026-07-09,amend
1847,2026-07-10,canal
1848,2026-07-11,avian
1849,2026-07-12,clack
1850,2026-07-13,stout
1851,2026-07-14,steak
1852,2026-07-15,pshaw
1853,2026-07-16,butte
1854,2026-07-17,legal
1855,2026-07-18,booth
1856,2026-07-19,churn
1857,2026-07-20,diver
1858,2026-07-21,shill
1859,2026-07-22,lorry
1860,2026-07-23,orbit
1861,2026-07-24,putty
1862,2026-07-25,aloha
1863,2026-07-26,grape
1864,2026-07-27,poser
1865,2026-07-28,sonar