word,prior
aback,2.5
abase,0.911774
abash,0.031973
abate,2.5
abbas,0.0001
abbey,0.999124
abbot,0.992376
abhor,2.5
abide,2.5
abled,0.0001
abode,2.5
aboil,0.663523
abort,2.5
about,2.5
above,2.5
abuse,2.5
abuzz,2.5
abyss,2.5
ached,0.0001
aches,0.0001
achoo,0.052968
acids,0.0001
acing,0.964463
acorn,2.5
acres,0.0001
acrid,2.5
acted,0.0001
actin,0.0001
acton,0.0001
actor,2.5
acute,2.5
adage,2.5
adapt,2.5
added,0.0001
adder,0.873821
addle,0.870413
adept,2.5
adieu,2.5
adios,0.935071
admin,0.966306
admit,2.5
adobe,2.5
adobo,0.995374
adopt,2.5
adore,2.5
adorn,2.5
adult,2.5
aegis,2.5
aerie,2.5
affix,2.5
afire,2.5
afoot,2.5
afore,0.638004
afoul,2.5
after,2.5
again,2.5
agape,2.5
agate,0.98098
agave,2.5
agent,2.5
aggie,0.0001
agile,2.5
aging,2.5
agita,0.994003
aglow,2.5
agony,2.5
agora,0.956463
agree,2.5
ahead,2.5
ahold,0.993709
aided,0.0001
aider,0.859036
aides,0.0001
ailed,0.0001
aimed,0.0001
aioli,2.5
aired,0.0001
aisle,2.5
alamo,0.0001
alarm,2.5
album,2.5
alder,0.97456
alert,2.5
algae,2.5
alias,2.5
alibi,2.5
alien,2.5
align,2.5
alike,2.5
aline,0.0001
alive,2.5
allan,0.0001
allay,2.5
allen,0.0001
alley,2.5
allot,0.994003
allow,2.5
alloy,2.5
aloft,2.5
aloha,0.968989
alone,2.5
along,2.5
aloof,2.5
aloud,2.5
alpha,2.5
altar,2.5
alter,2.5
alway,0.0001
amaro,0.972228
amass,2.5
amaze,2.5
amber,2.5
ambit,0.973035
amble,2.5
amend,2.5
amigo,0.942233
amino,2.5
amiss,2.5
amity,0.989425
among,2.5
amour,0.989007
amped,0.0001
ample,2.5
amply,2.5
amuck,0.801422
amuse,2.5
ancho,0.989113
angel,2.5
anger,2.5
angle,2.5
anglo,0.0001
angry,2.5
angst,2.5
anima,0.942233
anime,2.5
anise,2.5
ankle,2.5
annal,0.019518
annas,0.0001
annex,2.5
annoy,2.5
annul,2.5
annum,0.0001
anode,0.850312
anole,0.850312
antic,2.5
antsy,2.5
anvil,2.5
aorta,2.5
apace,2.5
apart,2.5
aphid,0.948844
aping,0.99393
apnea,2.5
apple,2.5
apply,2.5
apron,2.5
aptly,2.5
arbor,0.939414
arced,0.0001
ardor,0.994098
areas,0.0001
arena,2.5
argon,0.961201
argot,2.5
argue,2.5
argus,0.0001
arias,0.0001
ariel,0.0001
arise,2.5
armed,2.5
armor,2.5
aroma,2.5
arose,2.5
arras,0.0001
array,2.5
arrow,2.5
arson,2.5
artsy,2.5
ascot,0.977306
ashed,0.0001
ashen,2.5
ashes,0.0001
aside,2.5
asked,0.0001
asker,0.829263
askew,2.5
aspen,0.987907
aspic,0.982001
assay,0.967006
asses,0.0001
asset,2.5
aster,0.943819
astir,0.902458
atlas,2.5
atoll,0.994075
atoms,0.0001
atone,2.5
atria,0.895947
attic,2.5
audio,2.5
audit,2.5
auger,0.950148
aught,0.840468
augur,2.5
aunts,0.0001
aunty,0.685589
aural,2.5
avail,2.5
avant,0.0001
avast,0.773749
avert,2.5
avian,2.5
avoid,2.5
await,2.5
awake,2.5
award,2.5
aware,2.5
awash,2.5
awful,2.5
awoke,2.5
axial,0.928638
axing,0.956975
axiom,2.5
axion,0.060813
axles,0.0001
azure,2.5
babel,0.845544
babes,0.0001
babka,0.97575
backs,0.0001
bacon,2.5
badge,2.5
badly,2.5
bagel,2.5
baggy,2.5
baits,0.0001
baked,2.5
baker,2.5
bakes,0.0001
baldy,0.704872
baled,0.0001
baler,0.835053
bales,0.0001
balky,2.5
balls,0.0001
bally,0.0001
balmy,2.5
balsa,0.976432
banal,2.5
banco,0.0001
banda,0.0001
bands,0.0001
bandy,0.954319
bangs,0.0001
banjo,2.5
banks,0.0001
barbs,0.0001
bards,0.0001
bared,0.0001
barer,0.829263
barge,2.5
barks,0.0001
barns,0.0001
baron,2.5
barre,0.997756
barry,0.0001
basal,0.987324
based,0.0001
bases,0.0001
basic,2.5
basil,2.5
basin,2.5
basis,2.5
baste,2.5
batch,2.5
bated,0.0001
bates,0.0001
bathe,2.5
baths,0.0001
batik,0.990889
baton,2.5
batty,0.997384
bawdy,2.5
bayed,0.0001
bayou,2.5
beach,2.5
beads,0.0001
beady,0.976432
beaks,0.0001
beams,0.0001
beans,0.0001
beard,2.5
bears,0.0001
beast,2.5
beats,0.0001
beaut,0.936997
beaux,0.0001
bebop,2.5
becks,0.0001
beech,2.5
beefs,0.0001
beefy,2.5
beeps,0.0001
beers,0.0001
beets,0.0001
befit,0.983428
befog,0.736992
began,2.5
begat,0.999916
beget,0.999351
begin,2.5
begot,0.97971
begun,2.5
beige,2.5
being,2.5
belay,0.906392
belch,2.5
belie,2.5
belle,2.5
bello,0.0001
bells,0.0001
belly,2.5
below,2.5
belts,0.0001
bench,2.5
bends,0.0001
bendy,0.952006
benny,0.0001
bento,0.989113
beret,2.5
berry,2.5
berth,2.5
beryl,0.816387
beset,2.5
besot,0.040901
betel,0.975045
betty,0.0001
bevel,0.866823
bezel,0.970222
bible,0.954557
bicep,0.994639
biddy,0.54929
bided,0.0001
bidet,0.98249
bigot,2.5
biked,0.0001
biker,2.5
bikes,0.0001
bilbo,0.0001
bilge,0.96992
bills,0.0001
billy,0.991344
bimbo,0.0001
binds,0.0001
binge,2.5
bingo,2.5
biome,0.943035
biped,0.919587
bipod,0.921002
birch,2.5
birds,0.0001
birth,2.5
bison,2.5
bitch,0.0001
biter,0.952601
bites,0.0001
bitsy,0.816387
bitty,0.973297
black,2.5
blade,2.5
blame,2.5
blanc,0.0001
bland,2.5
blank,2.5
blare,2.5
blase,2.5
blast,2.5
blaze,2.5
bleak,2.5
bleat,0.978345
bleed,2.5
bleep,0.97598
blend,2.5
bless,2.5
blimp,0.999261
blind,2.5
bling,2.5
blink,2.5
bliss,2.5
blitz,2.5
bloat,2.5
block,2.5
blogs,0.0001
bloke,0.993099
blond,2.5
blood,2.5
bloom,2.5
bloop,2.5
blots,0.0001
blown,2.5
blows,0.0001
bluer,0.991344
blues,0.0001
bluff,2.5
blunt,2.5
blurb,2.5
blurt,2.5
blush,2.5
board,2.5
boars,0.0001
boast,2.5
boats,0.0001
bobby,0.986468
bocce,0.994147
boded,0.0001
bodhi,0.0001
boffo,0.978745
bogey,2.5
boggy,0.981835
bogie,0.736992
bogus,2.5
boils,0.0001
boing,0.902458
bolts,0.0001
bolus,0.877061
bombs,0.0001
bonds,0.0001
boned,0.0001
boner,0.276178
bones,0.0001
boney,0.638004
bongo,0.984025
bonne,0.0001
bonny,0.823057
bonus,2.5
boobs,0.0001
booby,0.915879
booed,0.0001
books,0.0001
booms,0.0001
boost,2.5
booth,2.5
boots,0.0001
booty,0.932166
booze,2.5
boozy,2.5
borax,0.906392
bored,2.5
bores,0.0001
boric,0.885892
borne,2.5
boron,0.952006
bosom,2.5
boson,0.990608
bossa,0.0001
bossy,2.5
botch,2.5
bough,0.963288
boule,0.922373
bound,2.5
bouts,0.0001
bowed,0.0001
bowel,2.5
bower,0.955942
bowie,0.0001
bowls,0.0001
boxed,0.0001
boxer,2.5
boxes,0.0001
bozos,0.0001
brace,2.5
brack,0.0001
brags,0.0001
braid,2.5
brain,2.5
brake,2.5
brand,2.5
brant,0.0001
brash,2.5
brass,2.5
brats,0.0001
brava,0.888573
brave,2.5
bravo,2.5
brawl,2.5
brawn,2.5
bread,2.5
break,2.5
bream,0.990513
breed,2.5
brent,0.0001
brews,0.0001
briar,0.953185
bribe,2.5
brick,2.5
bride,2.5
brief,2.5
brier,0.873821
brill,0.0001
brine,2.5
bring,2.5
brink,2.5
briny,2.5
brisk,2.5
brits,0.0001
britt,0.0001
broad,2.5
brock,0.0001
broil,2.5
broke,2.5
bronc,0.880145
brood,2.5
brook,2.5
broom,2.5
broth,2.5
brown,2.5
brows,0.0001
bruin,0.663523
brunt,2.5
brush,2.5
brusk,0.019518
brute,2.5
bubba,0.0001
bucko,0.0001
bucks,0.0001
buddy,2.5
budge,2.5
buffs,0.0001
buffy,0.0001
buggy,2.5
bugle,2.5
build,2.5
built,2.5
bulbs,0.0001
bulge,2.5
bulgy,0.840468
bulky,2.5
bulls,0.0001
bully,2.5
bumps,0.0001
bumpy,2.5
bunch,2.5
bundy,0.0001
bunks,0.0001
bunny,2.5
buoys,0.0001
burbs,0.0001
burka,0.789685
burke,0.0001
burly,2.5
burns,0.0001
burnt,2.5
burro,0.955411
bursa,0.840468
burst,2.5
bused,0.0001
buses,0.0001
bushy,2.5
busts,0.0001
busty,0.981835
butch,0.99856
butte,0.935071
butts,0.0001
buxom,2.5
buyer,2.5
buzzy,2.5
bylaw,0.989425
bytes,0.0001
byway,0.975045
cabal,2.5
cabby,2.5
cabin,2.5
cable,2.5
cacao,2.5
cache,2.5
cacti,0.980266
caddy,0.992041
cadet,2.5
cadge,0.948172
cadre,2.5
cafes,0.0001
caged,0.0001
cages,0.0001
cagey,2.5
cairn,0.957972
cajun,0.0001
caked,0.0001
cakes,0.0001
calls,0.0001
calms,0.0001
calve,0.928638
camel,2.5
cameo,2.5
camps,0.0001
campy,2.5
camus,0.0001
canal,2.5
candy,2.5
caned,0.0001
canes,0.0001
canny,2.5
canoe,2.5
canon,2.5
canst,0.0001
caped,0.992458
caper,2.5
capes,0.0001
capon,0.951399
capri,0.980266
caput,0.052968
carat,0.962056
carbs,0.0001
cards,0.0001
cared,0.0001
carer,0.877061
cares,0.0001
caret,0.052968
cargo,2.5
carne,0.0001
carny,0.967348
carob,0.951399
carol,0.989629
carom,0.986468
carpe,0.0001
carry,2.5
carte,2.5
carts,0.0001
carve,2.5
cased,0.0001
cases,0.0001
casks,0.0001
caste,2.5
casts,0.0001
catch,2.5
cater,2.5
cates,0.0001
catty,2.5
caulk,2.5
cause,2.5
caved,0.0001
caves,0.0001
cavil,0.953185
cawed,0.0001
cease,2.5
cedar,2.5
ceded,0.0001
celeb,0.977091
cello,2.5
cells,0.0001
cents,0.0001
ceres,0.0001
chafe,2.5
chaff,0.997221
chain,2.5
chair,2.5
chalk,2.5
champ,2.5
chang,0.0001
chant,2.5
chaos,2.5
chaps,0.0001
chard,2.5
charm,2.5
chart,2.5
chary,0.943819
chase,2.5
chasm,2.5
chats,0.0001
cheap,2.5
cheat,2.5
check,2.5
cheek,2.5
cheep,0.773749
cheer,2.5
chefs,0.0001
chemo,2.5
chess,2.5
chest,2.5
chevy,0.0001
chews,0.0001
chewy,2.5
chick,2.5
chico,0.0001
chide,0.99944
chief,2.5
child,2.5
chile,2.5
chili,2.5
chill,2.5
chime,2.5
chimp,2.5
china,2.5
ching,0.0001
chink,0.0001
chino,0.929785
chins,0.0001
chips,0.0001
chirp,2.5
chive,2.5
chock,0.997438
choco,0.0001
choir,2.5
choke,2.5
cholo,0.0001
chomp,0.983275
chops,0.0001
chord,2.5
chore,2.5
chose,2.5
choux,0.962056
chuck,2.5
chump,2.5
chums,0.0001
chunk,2.5
churl,0.845544
churn,2.5
chute,2.5
cider,2.5
cigar,2.5
cilia,0.919587
cinch,2.5
circa,2.5
cisco,0.0001
cited,0.0001
cites,0.0001
civet,0.961632
civic,2.5
civil,2.5
clack,0.980627
clade,0.704872
claim,2.5
clair,0.0001
clamp,2.5
clams,0.0001
clang,2.5
clank,2.5
clans,0.0001
claps,0.0001
clary,0.0001
clash,2.5
clasp,2.5
class,2.5
clave,0.968989
claws,0.0001
clean,2.5
clear,2.5
cleat,0.982001
cleft,2.5
clerk,2.5
cleve,0.0001
click,2.5
cliff,2.5
clift,0.0001
climb,2.5
clime,0.959403
cline,0.0001
cling,2.5
clink,2.5
clint,0.0001
clips,0.0001
cloak,2.5
clock,2.5
clods,0.0001
clogs,0.0001
clomp,0.919587
clone,2.5
close,2.5
cloth,2.5
clots,0.0001
cloud,2.5
clout,2.5
clove,2.5
clown,2.5
clubs,0.0001
cluck,0.96992
clued,0.0001
clues,0.0001
clump,2.5
clung,2.5
clunk,0.96992
coach,2.5
coals,0.0001
coast,2.5
coati,0.801422
coats,0.0001
cobra,2.5
cocks,0.0001
cocky,2.5
cocoa,2.5
coded,0.0001
coder,2.5
codes,0.0001
codex,0.953185
cohen,0.0001
coils,0.0001
coins,0.0001
cokes,0.0001
colds,0.0001
coles,0.0001
coley,0.0001
colic,0.976432
colin,0.0001
colon,2.5
color,2.5
colts,0.0001
combe,0.0001
combo,2.5
combs,0.0001
comer,0.0001
comes,0.0001
comet,2.5
comfy,2.5
comic,2.5
comma,2.5
comme,0.0001
comte,0.0001
conch,2.5
condo,2.5
coned,0.0001
cones,0.0001
coney,0.0001
conga,2.5
congo,0.0001
conic,0.721877
cooed,0.0001
cooks,0.0001
cools,0.0001
coons,0.0001
copay,0.792985
coped,0.0001
copse,0.963686
coral,2.5
corby,0.0001
cords,0.0001
cored,0.0001
corer,0.721877
cores,0.0001
corgi,0.971674
corks,0.0001
corky,0.736992
corns,0.0001
corny,2.5
corps,2.5
corso,0.0001
costa,0.0001
costs,0.0001
couch,2.5
cough,2.5
could,2.5
count,2.5
coupe,2.5
court,2.5
couth,0.773749
coven,0.981327
cover,2.5
coves,0.0001
covet,2.5
covey,0.942233
cowed,0.0001
cower,2.5
coxed,0.0001
coyly,2.5
crabs,0.0001
crack,2.5
craft,2.5
crags,0.0001
craig,0.0001
cramp,2.5
crane,2.5
crank,2.5
craps,0.0001
crash,2.5
crass,2.5
crate,2.5
crave,2.5
crawl,2.5
craze,2.5
crazy,2.5
creak,0.998608
cream,2.5
credo,2.5
creed,2.5
creek,2.5
creep,2.5
crema,0.991073
creme,2.5
crepe,2.5
crept,2.5
cress,0.955942
crest,2.5
crewe,0.0001
crews,0.0001
crick,0.898205
cried,2.5
crier,0.984025
cries,0.0001
crime,2.5
crimp,2.5
crips,0.0001
crisp,2.5
criss,0.0001
croak,2.5
crock,2.5
croft,0.0001
crone,0.979137
crony,2.5
crook,2.5
croon,2.5
crops,0.0001
cross,2.5
croup,0.895947
crowd,2.5
crown,2.5
crows,0.0001
crude,2.5
cruel,2.5
cruet,0.888573
crumb,2.5
crump,0.750523
crush,2.5
crust,2.5
crypt,2.5
cubby,0.975283
cubed,0.0001
cubes,0.0001
cubic,2.5
cubit,0.76271
cuddy,0.0001
cuffs,0.0001
cuing,0.967348
culpa,0.0001
cults,0.0001
cumin,2.5
cunts,0.0001
cupid,0.947486
curds,0.0001
cured,0.0001
curer,0.052968
cures,0.0001
curia,0.911774
curie,0.0001
curio,2.5
curls,0.0001
curly,2.5
curry,2.5
curse,2.5
curve,2.5
curvy,2.5
cushy,2.5
cuter,0.993177
cutie,0.97933
cutup,0.985562
cyber,2.5
cycle,2.5
cynic,2.5
cysts,0.0001
dacha,0.988901
daddy,2.5
daffy,2.5
daily,2.5
dairy,2.5
daisy,2.5
dally,0.959403
dames,0.0001
damme,0.0001
dance,2.5
dandy,2.5
danny,0.0001
darcy,0.0001
dared,0.0001
dares,0.0001
darts,0.0001
dated,0.0001
dater,0.954319
dates,0.0001
datum,0.916618
daunt,0.965585
dawns,0.0001
dazed,0.0001
deals,0.0001
dealt,2.5
dears,0.0001
death,2.5
debar,0.685589
debit,2.5
debts,0.0001
debug,0.943035
debut,2.5
decaf,0.992041
decal,0.995942
decay,2.5
decks,0.0001
decor,2.5
decoy,2.5
decry,2.5
deeds,0.0001
deems,0.0001
defer,2.5
defog,0.057262
degas,0.0001
deify,0.93971
deign,0.993408
deist,0.835053
deity,2.5
delay,2.5
della,0.0001
delta,2.5
delve,2.5
demon,2.5
demos,0.0001
demur,0.986718
denim,2.5
dense,2.5
dents,0.0001
depot,2.5
depth,2.5
derby,2.5
derry,0.0001
desks,0.0001
deter,2.5
detox,2.5
deuce,2.5
devil,2.5
devon,0.0001
dials,0.0001
diana,0.0001
diane,0.0001
diary,2.5
diced,0.0001
dicer,0.638004
dicey,2.5
dicks,0.0001
diddy,0.0001
didst,0.0001
diets,0.0001
digit,2.5
diked,0.0001
dildo,0.0001
dilly,0.829263
dimes,0.0001
dimly,2.5
dined,0.0001
diner,2.5
dines,0.0001
dingo,0.924991
dings,0.0001
dingy,2.5
dinky,0.986963
diode,0.990322
dippy,0.964463
dirge,2.5
dirty,2.5
disco,2.5
discs,0.0001
dishy,0.987907
disks,0.0001
ditch,2.5
ditsy,0.989831
ditto,2.5
ditty,2.5
ditzy,0.987084
divan,0.981668
dived,0.0001
diver,2.5
dives,0.0001
divot,0.978345
divvy,0.999702
dixie,0.0001
dizzy,2.5
docks,0.0001
dodge,2.5
dodgy,2.5
doers,0.0001
doeth,0.0001
doggy,2.5
dogma,2.5
doily,0.957478
doing,2.5
dolce,0.0001
doled,0.0001
dolls,0.0001
dolly,0.993783
domed,2.5
domes,0.0001
donna,0.0001
donne,0.0001
donny,0.0001
donor,2.5
donut,2.5
doors,0.0001
doozy,2.5
doped,0.0001
doper,0.924991
dopey,2.5
doris,0.0001
dorks,0.0001
dorky,0.999033
dorms,0.0001
dosed,0.0001
doses,0.0001
doted,0.0001
dotes,0.0001
dotty,0.992125
doubt,2.5
dough,2.5
doula,0.985695
douse,2.5
dover,0.0001
doves,0.0001
dowdy,2.5
dowel,0.944585
downs,0.0001
downy,0.992783
dowry,0.999528
dowse,0.663523
dozed,0.0001
dozen,2.5
dozer,0.76271
draco,0.0001
draft,2.5
drags,0.0001
drain,2.5
drake,0.877061
drama,2.5
drank,2.5
drape,2.5
drawl,2.5
drawn,2.5
draws,0.0001
dread,2.5
dream,2.5
dreck,0.969303
dregs,0.0001
dress,2.5
dried,2.5
drier,2.5
dries,0.0001
drift,2.5
drill,2.5
drink,2.5
drips,0.0001
drive,2.5
droid,0.952006
droit,0.952006
droll,2.5
drone,2.5
drool,2.5
droop,2.5
drops,0.0001
dross,0.986841
drove,2.5
drown,2.5
drugs,0.0001
druid,0.933041
drums,0.0001
drunk,2.5
dryer,2.5
dryly,2.5
ducat,0.663523
duchy,0.953185
ducks,0.0001
ducky,0.946784
ducts,0.0001
dudes,0.0001
duels,0.0001
duked,0.0001
dukes,0.0001
dully,0.986468
dumbo,0.0001
dummy,2.5
dumps,0.0001
dumpy,0.992863
dunce,0.984025
dunes,0.0001
dunno,0.0001
duped,0.0001
durst,0.0001
dusky,2.5
dusty,2.5
dutch,0.891137
duvet,2.5
dwarf,2.5
dweeb,0.943035
dwell,2.5
dwelt,0.995244
dying,2.5
dykes,0.0001
eager,2.5
eagle,2.5
eared,0.0001
earls,0.0001
early,2.5
earns,0.0001
earth,2.5
eased,0.0001
easel,2.5
eases,0.0001
eaten,2.5
eater,2.5
ebbed,0.0001
ebony,2.5
ebook,0.911774
eclat,0.927457
edema,0.982966
edged,0.0001
edger,0.773749
edges,0.0001
edict,2.5
edify,0.947486
edits,0.0001
educe,0.031973
eerie,2.5
egged,0.0001
egret,0.97575
eider,0.840468
eight,2.5
eject,2.5
eking,2.5
elate,0.809197
elbow,2.5
elder,2.5
elect,2.5
elegy,2.5
elfin,2.5
elide,0.975045
elite,2.5
elope,0.97575
elude,2.5
elves,0.0001
email,2.5
embed,2.5
ember,2.5
emcee,0.983275
emery,0.923702
emits,0.0001
emmet,0.0001
emoji,2.5
emote,0.989831
empty,2.5
enact,2.5
ended,0.0001
endow,2.5
enema,0.965585
enemy,2.5
enjoy,2.5
ennui,2.5
ensue,2.5
enter,2.5
entry,2.5
envoy,2.5
epics,0.0001
epoch,2.5
epoxy,2.5
equal,2.5
equip,2.5
erase,2.5
erect,2.5
erica,0.0001
erode,2.5
erred,0.0001
error,2.5
erupt,2.5
essay,2.5
ester,0.835053
ether,2.5
ethic,2.5
ethos,2.5
ethyl,0.953757
etude,0.977306
euros,0.0001
evade,2.5
evens,0.0001
event,2.5
evert,0.031973
every,2.5
evict,2.5
evils,0.0001
evoke,2.5
exact,2.5
exalt,0.994361
exams,0.0001
excel,2.5
execs,0.0001
exert,2.5
exile,2.5
exist,2.5
exits,0.0001
expat,2.5
expel,2.5
extol,2.5
extra,2.5
exude,2.5
exult,0.991164
exurb,0.967006
eying,0.985827
fable,2.5
faced,0.0001
faces,0.0001
facet,2.5
facto,0.0001
facts,0.0001
faded,0.0001
fader,0.773749
fades,0.0001
fagin,0.0001
fails,0.0001
faint,2.5
faire,0.0001
fairs,0.0001
fairy,2.5
faith,2.5
faked,0.0001
faker,0.953757
fakes,0.0001
fakir,0.809197
falls,0.0001
false,2.5
famed,2.5
fancy,2.5
fangs,0.0001
fanny,0.0001
farce,2.5
fared,0.0001
fares,0.0001
farms,0.0001
farts,0.0001
fatal,2.5
fated,0.0001
fates,0.0001
fatso,0.0001
fatty,2.5
fatwa,2.5
fault,2.5
fauna,2.5
favor,2.5
faxed,0.0001
fayed,0.0001
fazed,0.0001
fears,0.0001
feast,2.5
feats,0.0001
fecal,2.5
feces,0.964314
feeds,0.0001
feels,0.0001
feign,2.5
feint,0.998315
felix,0.0001
fella,0.998656
felon,2.5
femme,0.945143
femur,2.5
fence,2.5
feral,2.5
ferns,0.0001
ferry,2.5
fetal,2.5
fetch,2.5
feted,0.0001
fetid,2.5
fetus,2.5
feuds,0.0001
fever,2.5
fewer,2.5
fiber,2.5
fibre,0.0001
ficus,0.986342
field,2.5
fiend,2.5
fiery,2.5
fifth,2.5
fifty,2.5
fight,2.5
filch,0.928638
filed,0.0001
filer,0.971674
files,0.0001
filet,2.5
fills,0.0001
filly,2.5
films,0.0001
filmy,0.996424
filth,2.5
final,2.5
finch,0.975045
finds,0.0001
fined,0.0001
finer,2.5
fines,0.0001
finis,0.0001
fired,0.0001
fires,0.0001
firms,0.0001
first,2.5
firth,0.015594
fishy,2.5
fists,0.0001
fitch,0.0001
fiver,0.0001
fives,0.0001
fixed,0.0001
fixer,2.5
fixes,0.0001
fizzy,2.5
fjord,0.99187
flack,0.987907
flags,0.0001
flail,2.5
flair,2.5
flake,2.5
flaky,2.5
flame,2.5
flank,2.5
flaps,0.0001
flare,2.5
flash,2.5
flask,2.5
flats,0.0001
flaws,0.0001
fleas,0.0001
fleck,0.966658
flees,0.0001
fleet,2.5
flesh,2.5
fleur,0.0001
flick,2.5
flied,0.0001
flier,2.5
flies,0.0001
fling,2.5
flint,0.991697
flips,0.0001
flirt,2.5
float,2.5
flock,2.5
flood,2.5
floor,2.5
flops,0.0001
flora,2.5
floss,2.5
flour,2.5
flout,2.5
flown,2.5
flows,0.0001
flowy,0.958457
fluff,2.5
fluid,2.5
fluke,2.5
fluky,0.987442
flume,0.926242
flung,2.5
flunk,2.5
flush,2.5
flute,2.5
flyby,0.990702
flyer,2.5
foals,0.0001
foamy,2.5
focal,2.5
focus,2.5
fogey,0.902458
foggy,2.5
foist,0.995942
folds,0.0001
folic,0.987324
folio,0.974064
folks,0.0001
folky,2.5
folly,2.5
foods,0.0001
fools,0.0001
foray,2.5
force,2.5
fords,0.0001
forge,2.5
forgo,2.5
forks,0.0001
forms,0.0001
forte,2.5
forth,2.5
forts,0.0001
forty,2.5
forum,2.5
fouls,0.0001
found,2.5
fount,0.995693
fours,0.0001
fowls,0.0001
foxes,0.0001
foyer,2.5
frack,0.922373
frail,2.5
frame,2.5
franc,2.5
frank,2.5
fraud,2.5
freak,2.5
freed,2.5
freer,2.5
frees,0.0001
fresh,2.5
frets,0.0001
friar,0.994639
fried,2.5
fries,0.0001
frill,0.979137
frise,0.959403
frisk,2.5
fritz,0.9725
frizz,0.964843
frock,2.5
frogs,0.0001
frond,0.961632
front,2.5
frosh,0.750523
frost,2.5
froth,2.5
frown,2.5
froze,2.5
fruit,2.5
frump,0.902458
fryer,2.5
fucks,0.0001
fudge,2.5
fudgy,0.980266
fuels,0.0001
fugal,0.953185
fugue,2.5
fully,2.5
fumed,0.0001
fumes,0.0001
funds,0.0001
fungi,2.5
fungo,0.937924
funky,2.5
funny,2.5
furor,2.5
furry,2.5
fused,0.0001
fuses,0.0001
fussy,2.5
fusty,2.5
futon,2.5
fuzzy,2.5
gabby,0.965948
gable,0.983121
gaffe,2.5
gaily,0.994147
gains,0.0001
gales,0.0001
galls,0.0001
gamed,0.0001
gamer,2.499834507099707
games,0.0001
gamey,0.95078
gamma,0.998799
gamut,2.499668910657851
gangs,0.0001
ganja,0.0001
gaped,0.0001
garbo,0.0001
garde,0.0001
garth,0.0001
gases,0.0001
gasps,0.0001
gassy,0.971104
gated,2.4995032105333337
gates,0.0001
gator,2.49933740658476
gaudy,2.499171498670437
gauge,2.4990054866483753
gaunt,2.498839370376285
gauss,0.0001
gauze,2.4986731497115766
gauzy,2.4985068245113613
gavel,2.4983403946324465
gawky,2.498173859931339
gayer,0.924991
gayly,0.047658
gazed,0.0001
gazer,0.877061
gazes,0.0001
gears,0.0001
gecko,0.982809
geeks,0.0001
geeky,2.4980072202642414
geese,2.4978404754870533
gemma,0.0001
genes,0.0001
genie,2.4976736254553678
genoa,0.0001
genre,2.497506670024473
gents,0.0001
genus,2.4973396090493507
geode,0.927457
germs,0.0001
germy,0.902458
getup,0.952006
ghost,2.4971724423846737
ghoul,0.976654
giant,2.497005169884808
gibed,0.0001
giddy,2.496837791403809
gifts,0.0001
gills,0.0001
gilly,0.0001
gimme,0.99187
ginny,0.0001
gipsy,0.0001
girls,0.0001
girly,2.4966703067954223
girth,2.496502715913082
given,2.4963350186099107
giver,2.4961672147387173
gives,0.0001
gizmo,2.4959993041519977
glace,0.950148
glade,0.983729
glamp,0.057262
gland,2.4958312867019323
glare,2.4956631622403864
glass,2.4954949306189085
glaze,2.495326591688729
gleam,2.495158145300761
glean,2.4949895913055977
glide,2.4948209295535113
glint,2.494652159894455
glitz,2.4944832821780567
gloam,0.047658
gloat,2.4943142962536244
globe,2.4941452019701407
gloom,2.4939759991762616
gloop,0.823057
glory,2.493806687720321
gloss,2.493637267450322
glove,2.493467738213943
glows,0.0001
glowy,0.935071
glued,0.0001
gluey,0.982809
glute,0.840468
glyph,0.913444
gnarl,0.801422
gnash,0.947486
gnome,2.4932980998585323
goals,0.0001
goats,0.0001
godly,0.996999
gofer,0.98265
going,2.4931283522311087
golds,0.0001
golem,0.955942
golly,0.991073
gomer,0.0001
gonad,0.721877
goner,0.985695
gongs,0.0001
gonna,2.4929584951783594
gonzo,2.4927885285466416
goods,0.0001
goody,2.492618452181979
gooey,2.4924482659300624
goofy,2.4922779696362465
goons,0.0001
goopy,0.974804
goose,2.4921075631455527
gored,0.0001
gorge,2.491937046302664
gorse,0.943819
goths,0.0001
gotta,2.4917664189519266
gouge,0.999079
gourd,0.998315
gowns,0.0001
grabs,0.0001
grace,2.4915956809373485
grade,2.4914248321025982
graft,2.491253872291003
grail,2.4910828013455495
grain,2.490911619108881
grams,0.0001
grand,2.4907403254232987
grant,2.490568920130758
grape,2.490397403072868
graph,2.490225774090894
grasp,2.490054033025752
grass,2.489882179718009
grata,0.0001
grate,2.489710214007883
grave,2.4895381357352404
gravy,2.4893659447395984
graze,2.489193640860118
great,2.4890212239356098
greed,2.4888486938045267
greek,0.0001
green,2.488676050304967
greet,2.488503293274672
grids,0.0001
grief,2.4883304225510248
griff,0.0001
grift,0.971391
grill,2.4881574379710494
grime,2.4879843393714096
grimy,2.487811126588408
grind,2.4876377994579855
grins,0.0001
gripe,2.4874643578157176
grips,0.0001
grist,2.487290801496817
grits,0.0001
groan,2.4871171303361312
groin,0.968475
groom,2.4869433441681394
grope,2.4867694428269544
gross,2.486595426146319
group,2.486421293959607
grout,0.987324
grove,2.486247046099819
growl,2.486072682399587
grown,2.4858982026911667
grows,0.0001
grubs,0.0001
gruel,0.994844
gruff,2.4857236068064394
grump,0.967685
grunt,2.4855488945769126
guano,0.977936
guard,2.4853740658337156
guava,2.4851991204075996
guess,2.4850240581289382
guest,2.4848488788277234
guide,2.4846735823335666
guild,2.4844981684756964
guile,2.4843226370829576
guilt,2.484146987983811
guise,2.4839712210063305
gulag,2.4837953359782032
gulch,0.940571
gulls,0.0001
gully,0.989322
gumbo,2.4836193327267275
gummy,2.483443211078813
gunky,0.885892
guppy,0.924991
gushy,0.982809
gussy,0.963686
gusto,2.483266970860978
gusts,0.0001
gusty,2.4830906118993488
gutsy,2.4829141340196594
gutty,0.926242
gypsy,0.0001
habit,2.4827375370472486
hacks,0.0001
hacky,0.947486
hades,0.0001
hadst,0.0001
haiku,2.48256082080706
hails,0.0001
hairs,0.0001
hairy,2.482383985123641
hakim,0.0001
halal,2.4822070298211396
hales,0.0001
hallo,0.0001
halls,0.0001
halve,2.482029954723306
hammy,0.999528
hamza,0.0001
hands,0.0001
handy,2.4818527596534903
hangs,0.0001
hanks,0.0001
hanky,0.911774
happy,2.4816754444346394
hardy,2.481498008889299
harem,2.4813204528396096
hares,0.0001
harms,0.0001
harps,0.0001
harpy,0.961632
harry,0.885892
harsh,2.481142776107306
harts,0.0001
hasta,0.0001
haste,2.4809649785137187
hasty,2.4807870598797677
hatch,2.480609020025965
hated,0.0001
hater,2.4804308587724133
hates,0.0001
hauls,0.0001
haunt,2.4802525759388017
haute,2.480074171344407
haven,2.4798956448080935
haves,0.0001
havoc,2.4797169961483077
hawks,0.0001
hazed,0.0001
hazel,2.4795382251830804
heads,0.0001
heady,2.4793593317300244
heals,0.0001
heaps,0.0001
heard,2.4791803156063335
hears,0.0001
heart,2.4790011766287803
heath,2.4788219146137154
heats,0.0001
heave,2.478642529377066
heavy,2.478463020734335
hecht,0.0001
hedge,2.478283388500601
heels,0.0001
hefty,2.478103632490511
heirs,0.0001
heist,2.4779237525182887
helix,0.998608
hello,2.477743748397724
hells,0.0001
helms,0.0001
helps,0.0001
hence,2.4775636199421776
henna,0.99187
henny,0.0001
henry,0.0001
herbs,0.0001
herby,0.0001
herds,0.0001
heres,0.0001
heron,2.4773833669645766
hertz,0.962884
hewed,0.0001
hexed,0.0001
hicks,0.0001
hider,0.783797
hides,0.0001
highs,0.0001
hijab,2.477202989277415
hiked,0.0001
hiker,2.47702248669275
hikes,0.0001
hills,0.0001
hilly,2.476841859022204
hilts,0.0001
hinge,2.476661106076959
hinky,0.816387
hints,0.0001
hippo,2.4764802276677607
hippy,0.958457
hired,0.0001
hirer,0.704872
hires,0.0001
hissy,0.986841
hitch,2.4762992236049115
hived,0.0001
hives,0.0001
hoard,2.476118093698272
hoary,2.475936837757259
hobby,2.4757554555908463
hocus,0.76271
hogan,0.0001
hoist,2.475573947007559
hokey,2.475392311815475
hokum,0.996246
holds,0.0001
holed,0.0001
holes,0.0001
holey,0.936046
holla,0.0001
holly,0.998846
homed,0.0001
homer,2.4752105498222234
homes,0.0001
homey,2.4750286608349823
homie,0.0001
homme,0.0001
homos,0.0001
honda,0.0001
honed,0.0001
honey,2.4748466446604778
honks,0.0001
honky,0.0001
honor,2.4746645011049826
hooch,0.976207
hoods,0.0001
hoody,0.76271
hooey,0.982966
hoofs,0.0001
hooks,0.0001
hooky,2.4744822299743143
hoops,0.0001
hoped,0.0001
hopes,0.0001
hoppy,0.96992
horde,2.4742998310738336
horns,0.0001
horny,0.998463
horse,2.474117304208445
horst,0.0001
hosed,0.0001
hoses,0.0001
hosts,0.0001
hotel,2.473934649182591
hotly,2.4737518658002564
hound,2.473568953864961
hours,0.0001
house,2.4733859131797633
hovel,0.985293
hover,2.473202743547255
howdy,0.931985
howls,0.0001
hoyle,0.0001
hubby,0.976874
huffy,0.972769
huggy,0.908252
hulky,0.750523
hulls,0.0001
human,2.4730194447695615
humid,2.4728360166483396
humor,2.4726524589847783
humph,0.057262
humps,0.0001
humus,0.926242
hunch,2.4724687715795928
hunks,0.0001
hunky,2.4722849542330274
hunts,0.0001
hurry,2.4721010067448517
hurst,0.0001
hurts,0.0001
husks,0.0001
husky,2.47191692891436
hussy,0.924991
hutch,0.980804
hydra,0.969303
hydro,0.990127
hyena,2.471732720540368
hymen,0.940571
hymns,0.0001
hyped,0.0001
hyper,2.471548381421214
icier,0.921002
icily,0.990029
icing,2.4713639113547563
icons,0.0001
ideal,2.4711793101383694
ideas,0.0001
idiom,2.4709945775689466
idiot,2.470809713442894
idled,0.0001
idler,0.911774
idols,0.0001
idyll,2.470624717556134
igloo,0.993408
iliac,0.638004
image,2.470439589704098
imbed,0.0001
imbue,2.470254329681729
impel,0.985293
imply,2.470068937283479
inane,2.469883412303307
inapt,0.966306
inbox,2.4696977545346765
incel,0.935071
incur,2.469511963770557
index,2.469326039803418
india,0.0001
indie,2.469139982425231
inept,2.4689537914274666
inert,2.4687674666010926
infer,2.468581007736572
ingot,0.908252
inked,0.0001
inlay,0.99187
inlet,2.4683944146238637
inner,2.4682076870524168
innit,0.0001
input,2.4680208248111732
inset,2.4678338276885627
intel,2.4676466954725034
inter,0.988357
intro,2.467459427950399
inure,0.929785
ionic,0.898205
irate,2.4672720249091373
irked,0.0001
irons,0.0001
irony,2.4670844861350885
isles,0.0001
islet,0.985157
issue,2.466896811414103
itchy,2.466709000531513
items,0.0001
ivied,0.870413
ivory,2.466521053272124
jacks,0.0001
jacky,0.0001
jaded,2.466332969420219
jails,0.0001
james,0.0001
jammy,0.99944
janky,0.913444
japan,0.0001
jaunt,2.466144748759556
jawed,0.0001
jazzy,2.4659563910733637
jeans,0.0001
jeeps,0.0001
jeers,0.0001
jello,0.0001
jelly,2.4657678961443414
jenny,0.0001
jerks,0.0001
jerky,2.465579263754658
jerry,0.0001
jesse,0.0001
jesus,0.0001
jetty,0.996715
jewel,2.4653904936859483
jibed,0.0001
jiffy,2.465201585719312
jiggy,0.0001
jihad,0.0001
jimmy,0.895947
jinks,0.0001
jocko,0.0001
jocks,0.0001
johns,0.0001
joins,0.0001
joint,2.4650125396353135
joist,0.880145
joked,0.0001
joker,2.4648233552139778
jokes,0.0001
jokey,2.4646340322347897
jolly,2.4644445704766924
jones,0.0001
joule,0.736992
joust,0.993484
jowly,0.985957
judas,0.0001
judge,2.4642549697180858
judgy,0.854802
juice,2.4640652297368226
juicy,2.46387535031021
juked,0.0001
julep,0.98098
jumbo,2.463685331215004
jumps,0.0001
jumpy,2.463495172227412
junks,0.0001
junky,0.989218
junta,2.463304873123086
junto,0.845544
juror,2.463114433677125
kabob,0.850312
kanji,0.0001
kappa,0.829263
kaput,0.986086
karat,0.893593
karma,2.46292385366407
kayak,2.462733132857905
kazoo,0.979521
kebab,2.4625422710320533
keels,0.0001
keeps,0.0001
kefir,0.943035
kelly,0.0001
kempt,0.900374
kerry,0.0001
keyed,0.0001
khaki,2.4623512679593746
kicks,0.0001
kiddo,0.967006
kiddy,0.0001
kills,0.0001
kilos,0.0001
kinda,2.462160123412166
kinds,0.0001
kings,0.0001
kinks,0.0001
kinky,2.4619688371621584
kiosk,2.461777408980514
kirby,0.0001
kissy,0.911774
kites,0.0001
kitty,2.461585838637826
klutz,0.966306
knack,2.4613941259041163
knave,0.923702
knead,2.4612022705488315
kneed,0.0001
kneel,2.461010272340844
knees,0.0001
knell,2.460818131048448
knelt,2.460625846439359
knick,0.0001
knife,2.4604334182807097
knish,0.967685
knits,0.0001
knobs,0.0001
knock,2.4602408463390506
knoll,2.460048130380347
knots,0.0001
known,2.4598552701699754
knows,0.0001
koala,2.4596622654727245
kooky,2.459469116052791
koran,0.0001
kraft,0.0001
kraut,0.0001
krill,0.982809
krone,0.951399
kudos,2.4592758216737773
kudzu,0.990029
kugel,0.985428
kvell,0.870413
kylie,0.0001
kyrie,0.0001
label,2.4590823820986922
labor,2.458888797089946
laced,0.0001
laces,0.0001
lacey,0.885892
lacks,0.0001
laden,2.4586950664093488
ladle,2.4585011898181115
lager,2.458307167076839
laird,0.0001
laity,2.458112997945532
lakes,0.0001
lambs,0.0001
lamed,0.0001
lamer,0.866823
lamps,0.0001
lance,2.4579186821835832
lands,0.0001
lanes,0.0001
lanky,2.4577242195497755
lapel,2.45752960980228
lapse,2.4573348526986534
larch,0.965948
large,2.4571399479958367
largo,0.0001
larks,0.0001
larva,0.978942
laser,2.456944895450153
lasso,2.456749694817305
lasts,0.0001
latch,2.456554345852372
later,2.4563588483098107
latex,2.4561632019434487
lathe,0.988686
latke,0.970222
latte,2.4559674065064865
laude,0.0001
laugh,2.4557714617514925
laura,0.0001
laved,0.0001
laver,0.0001
lawns,0.0001
layer,2.455575367430402
layup,2.4553791232945157
lazar,0.0001
lazed,0.0001
leach,0.999261
leads,0.0001
leafy,2.4551827290944956
leaks,0.0001
leaky,2.454986184580364
leans,0.0001
leant,0.816387
leaps,0.0001
leapt,2.4547894895015023
learn,2.454592643606646
leary,0.0001
lease,2.454395646643885
leash,2.4541984983606593
least,2.4540011985037595
leave,2.4538037468193217
ledge,2.4536061430528266
leech,0.980266
leery,2.4534083869490972
lefts,0.0001
lefty,2.4532104782522968
legal,2.453012416705925
leggy,2.452814202052817
legit,2.452615834035142
lemma,0.052968
lemon,2.4524173123943975
lemur,0.971391
lends,0.0001
leone,0.0001
leper,0.987676
letup,0.991784
levee,2.4522186368714114
level,2.452019807206336
lever,2.451820823138647
levin,0.0001
lewis,0.0001
lexis,0.060813
liang,0.0001
liars,0.0001
libel,2.4516216844071423
libra,0.0001
libre,0.0001
licit,0.951399
licks,0.0001
liege,0.880145
lifer,2.4514223907499373
lifts,0.0001
light,2.451222941904464
liked,0.0001
liken,2.4510233376074693
likes,0.0001
lilac,2.450823577595009
limbo,2.4506236616024495
limbs,0.0001
limes,0.0001
limey,0.0001
limit,2.4504235893644646
lindy,0.0001
lined,0.0001
linen,2.45022336061503
liner,2.4500229750874256
lines,0.0001
lingo,2.4498224325142273
links,0.0001
lions,0.0001
lipid,0.982166
lippy,0.900374
lists,0.0001
liter,0.983731
lithe,2.4496217326273104
litre,0.473663
lived,0.0001
liven,2.449420875157843
liver,2.449219859836285
lives,0.0001
livid,2.4490186863923853
llama,2.44881735455518
loads,0.0001
loamy,0.982329
loans,0.0001
loath,2.448615864052988
lobby,2.4484142146134107
lobed,0.0001
lobes,0.0001
local,2.448212405963328
locks,0.0001
locus,2.448010437828896
lodge,2.447808309935545
loess,0.850312
lofty,2.447606022007976
logan,0.0001
logic,2.447403573770158
login,2.447200964945327
logon,0.823057
logos,0.0001
lohan,0.0001
loins,0.0001
lolly,0.750523
loner,2.446998195255981
longs,0.0001
looks,0.0001
looky,0.0001
looms,0.0001
loons,0.0001
loony,2.44679526442388
loops,0.0001
loopy,2.4465921721700408
loose,2.446388918214735
loped,0.0001
lords,0.0001
lordy,0.835053
loris,0.859036
lorry,0.924991
loser,2.446185502277488
loses,0.0001
lotto,0.962473
lotus,2.445981924077075
louie,0.0001
louis,0.0001
loupe,0.944585
louse,0.970222
lousy,2.445778183331517
loved,0.0001
lover,2.4455742797580804
loves,0.0001
lovey,0.0001
lower,2.4453702130732733
lowly,2.445165982992843
lowry,0.0001
loyal,2.444961589231771
lubed,0.0001
lucid,2.444757031504275
lucky,2.4445523095238006
lucre,0.992458
luger,0.958457
lulls,0.0001
lumen,0.792985
lumps,0.0001
lumpy,2.4443474230030233
lunar,2.444142371653843
lunch,2.443937155187381
lunge,2.4437317733139783
lungs,0.0001
lupus,2.443526225743193
lurch,2.4433205121837958
lured,0.0001
lures,0.0001
lurid,2.443114632343768
lurks,0.0001
lusts,0.0001
lusty,2.4429085859303004
luted,0.0001
lying,2.4427023726497867
lymph,2.442495992207824
lynch,0.0001
lyric,2.4422894443092074
macaw,0.976432
macho,2.4420827286579287
macro,2.441875844957173
madam,2.441668792909315
madge,0.0001
madly,2.441461572215917
madre,0.0001
mafia,2.441254182577726
magic,2.4410466236946684
magma,0.992622
magna,0.0001
mahal,0.0001
maids,0.0001
mails,0.0001
mains,0.0001
maize,2.440838895265851
major,2.4406309969895545
maker,2.4404229285632306
makes,0.0001
males,0.0001
malic,0.863037
malik,0.0001
malls,0.0001
malty,0.968018
mamas,0.0001
mamba,0.877061
mambo,2.4402146896835024
mamie,0.0001
mamma,0.929785
mammy,0.0001
manet,0.0001
manga,2.440006280046157
mange,0.926242
mango,2.439797699346145
mangy,0.983729
mania,2.439588947277576
manic,2.4393800235337175
manly,2.4391709278069893
manna,0.993783
manny,0.0001
manor,2.438961659788961
manse,0.995178
manta,0.0001
maple,2.4387522191703512
march,2.43854260564102
mares,0.0001
marge,0.0001
maria,0.0001
marks,0.0001
marry,2.43833281888997
marsh,2.4381228586053396
masha,0.0001
masks,0.0001
mason,2.4379127244744034
massa,0.0001
masse,2.437702416183565
masts,0.0001
match,2.437491933418357
mated,0.0001
mater,0.0001
mates,0.0001
matey,0.885892
maths,0.0001
matte,2.4372812758634357
matzo,2.437070443202579
mauve,2.436859435118682
maven,2.4366482512937546
mavis,0.0001
maxed,0.0001
maxim,2.4364368914089187
mayan,0.0001
maybe,2.436225355144402
mayor,2.436013642179539
mazel,0.0001
mazes,0.0001
meads,0.0001
meals,0.0001
mealy,0.98993
means,0.0001
meant,2.435801752192763
meats,0.0001
meaty,2.435589684861606
mecca,2.4353774398626937
medal,2.435165016871743
media,2.4349524155635587
medic,2.4347396356120274
meets,0.0001
melee,2.4345266766901177
melon,2.4343135384698744
melts,0.0001
melty,0.95078
memos,0.0001
mensa,0.0001
menus,0.0001
merch,0.996541
mercy,2.434100220622416
merge,2.4338867228179297
merit,2.4336730447256705
merle,0.0001
merry,2.433459186013954
meshy,0.040901
messy,2.4332451463501568
metal,2.4330309254007094
meted,0.0001
meter,2.4328165228310943
metre,0.628064
metro,2.4326019383058437
mewed,0.0001
mezzo,2.432387171488532
micky,0.0001
micro,2.4321722220417756
midge,0.904462
midst,2.431957089627228
might,2.4317417739055758
miked,0.0001
mikes,0.0001
miler,0.975283
miles,0.0001
milky,2.4315262745365347
mille,0.0001
mills,0.0001
milly,0.0001
mimed,0.0001
mimic,2.431310591178848
minas,0.0001
mince,2.431094723490279
minds,0.0001
mined,0.0001
miner,2.430878671127611
mines,0.0001
minim,0.047658
minor,2.4306624337466407
mints,0.0001
minty,2.430446011002176
minus,2.4302294025480315
mired,0.0001
mirin,0.984882
mirth,2.4300126080370252
miser,0.97052
missy,0.792985
mists,0.0001
misty,2.4297956271209733
mitch,0.0001
miter,0.972769
mites,0.0001
mitre,0.0001
mitts,0.0001
mixed,0.0001
mixer,2.4295784594506875
mixes,0.0001
mixup,0.93971
moans,0.0001
moats,0.0001
mocha,2.429361104675972
mochi,0.984601
mocks,0.0001
modal,2.429143562445616
model,2.4289258324073946
modem,2.4287079142080605
modes,0.0001
modus,2.4284898074933423
mogul,2.4282715119079397
moira,0.0001
moist,2.428053027095521
molar,2.4278343526987163
molds,0.0001
moldy,2.4276154883591157
moles,0.0001
molly,0.922373
momma,0.980082
mommy,2.4273964337172638
monde,0.0001
mondo,0.0001
money,2.4271771884126565
mongo,0.0001
monks,0.0001
monte,0.0001
month,2.426957752083737
mooch,0.944585
moods,0.0001
moody,2.4267381243678905
mooed,0.0001
moons,0.0001
moony,0.977728
moors,0.0001
moose,2.4265183049014407
moped,2.426298293319646
moper,0.736992
mopey,0.995438
moral,2.426078089256695
moray,0.946067
morel,0.980266
moron,2.425857692345702
morph,2.425637102218702
morse,0.0001
moses,0.0001
mosey,0.964843
mossy,2.425416318506648
motel,2.4251953408394065
moths,0.0001
motif,2.4249741688457522
motor,2.424752802153363
motto,2.424531240388819
mould,0.911774
moult,0.019839
mound,2.424309483177593
mount,2.4240875301440523
mourn,2.423865380911447
mouse,2.4236430351019127
mousy,0.996424
mouth,2.4234204923364606
moved,0.0001
mover,2.4231977522349766
moves,0.0001
movie,2.4229748144162144
mowed,0.0001
mower,2.422751678497791
moxie,2.422528344096186
mucky,0.980804
mucus,2.4223048108267298
muddy,2.4220810783036058
muggy,2.421857146139843
mulch,2.421633013947311
mules,0.0001
mumbo,0.0001
mummy,2.4214086813367146
mumps,0.0001
munch,2.421184147917592
mural,2.420959413298307
murky,2.4207344770860466
mused,0.0001
muses,0.0001
mushy,2.4205093388868137
music,2.4202839983054245
musky,2.4200584549455026
musty,2.4198327084094755
muted,0.0001
mutes,0.0001
mutts,0.0001
myrrh,0.957478
myths,0.0001
nabob,0.835053
nacho,0.968018
nadir,2.419606758298567
naggy,0.638004
nails,0.0001
naive,2.419380604212794
naked,2.4191542457509625
named,0.0001
names,0.0001
nance,0.0001
nancy,0.0001
nanny,2.4189276825106605
nappy,0.944585
nasal,2.418700914088255
nasty,2.4184739400788855
natal,0.97052
natty,2.4182467600764594
naval,2.418019373673647
navel,2.417791780461877
nazis,0.0001
neath,0.0001
necks,0.0001
neddy,0.0001
needs,0.0001
needy,2.4175639800313307
negro,0.0001
neigh,0.870413
nelly,0.0001
nerds,0.0001
nerdy,2.417335971970936
nerve,2.417107755868365
nervy,2.4168793313100254
nests,0.0001
never,2.4166506978810567
newer,2.416421855165327
newly,2.416192802745424
newsy,0.988794
nexus,2.4159635402026525
nicer,2.415734067117027
niche,2.415504383067269
nicht,0.0001
nicks,0.0001
nicky,0.0001
niece,2.4152744876307985
nifty,2.4150443803837307
nigga,0.0001
night,2.41481406090087
nines,0.0001
ninja,2.4145835287557045
ninny,0.958457
ninth,2.4143527835204
nippy,0.977091
nitro,0.911774
nixed,0.0001
noble,2.414121824765796
nobly,2.4138906520613963
nodal,0.854802
nodes,0.0001
noise,2.4136592649753696
noisy,2.413427663074539
nomad,2.413195845924376
nooks,0.0001
noose,2.412963813088999
norma,0.0001
norms,0.0001
north,2.412731564131164
nosed,0.0001
noses,0.0001
nosey,0.829263
notch,2.412499098612261
noted,0.0001
notes,0.0001
nouns,0.0001
novel,2.412266416092305
nudes,0.0001
nudge,2.412033516129934
nudie,0.0001
nuked,0.0001
nukes,0.0001
nurse,2.411800398282402
nutso,0.918127
nutty,2.4115670621055716
nylon,2.4113335071539095
nymph,2.41109973298048
oaken,0.93971
oared,0.0001
oasis,2.41086573913694
oaths,0.0001
obese,2.4106315251735313
obeys,0.0001
occur,2.4103970906390764
ocean,2.410162435080971
ocher,2.409927558045178
ochre,0.988357
octal,0.047658
octet,0.992041
odder,2.409692459076224
oddly,2.4094571377171876
odors,0.0001
odour,0.0001
offal,0.998608
offed,0.0001
offer,2.4092215935096997
often,2.4089858259939327
ogled,0.0001
ogler,0.685589
ogres,0.0001
oiled,0.0001
oiler,0.883085
okapi,0.870413
olden,0.995244
older,2.408749834708596
oldie,0.989425
olive,2.408513619190928
ombre,0.990513
omega,0.977728
omens,0.0001
omnes,0.0001
onion,2.408277178976694
onset,2.4080405136001746
oomph,2.4078036225941624
oozed,0.0001
oozes,0.0001
opens,0.0001
opera,2.407566505489955
opine,2.4073291618173487
opium,2.4070915911046304
opted,0.0001
optic,2.4068537928785743
orate,0.877061
orbed,0.0001
orbit,2.406615766664432
order,2.406377511985927
organ,2.4061390283652493
oscar,0.0001
other,2.4059003153230467
otter,2.40566137237842
ought,2.405422199048915
ouija,0.721877
ounce,2.4051827948505156
outdo,2.404943159297638
outed,0.0001
outer,2.4047032919031226
outgo,0.76271
outre,2.4044631921782287
outta,0.0001
ovary,0.989007
ovate,0.638004
ovens,0.0001
overs,0.0001
overt,2.4042228596326254
ovine,0.873821
ovoid,0.98098
owing,2.403982293774386
owned,0.0001
owner,2.403741494109982
oxbow,0.888573
oxide,2.403500460144273
ozone,2.403259191380503
paced,0.0001
pacer,0.926242
paces,0.0001
packs,0.0001
paddy,0.999261
padre,0.908252
paean,2.4030176873202898
pagan,2.402775947463621
paged,0.0001
pager,2.402533971308846
pages,0.0001
pails,0.0001
pains,0.0001
paint,2.402291758352666
pairs,0.0001
paled,0.0001
paler,0.996886
pales,0.0001
pally,0.0001
palms,0.0001
palsy,2.40204930809013
panda,2.401806620014628
panel,2.40156369361788
pangs,0.0001
panic,2.4013205283899293
panko,0.993254
pansy,0.961201
pants,0.0001
panty,0.97456
paolo,0.0001
papal,2.401077123819139
papas,0.0001
paper,2.4008334793921806
pappy,0.0001
parch,0.809197
pared,0.0001
parer,0.721877
paris,0.0001
parka,2.400589594594027
parks,0.0001
parle,0.0001
parma,0.0001
parry,2.400345468907946
parse,2.4001011018154927
parte,0.0001
parts,0.0001
party,2.3998564927964994
pasha,0.0001
passe,2.3996116413290722
pasta,2.3993665468895786
paste,2.399121208952643
pasty,2.3988756269911367
patch,2.3986298004761726
patel,0.0001
paths,0.0001
patio,2.3983837288770946
patsy,0.988794
patty,2.39813741166147
pause,2.3978908482950834
paved,0.0001
paver,0.922373
paves,0.0001
pawed,0.0001
pawns,0.0001
payed,0.0001
payee,0.895947
payer,2.3976440382419266
peace,2.397396980964191
peach,2.39714967592226
peaks,0.0001
pearl,2.3969021225747005
pears,0.0001
peaty,0.947486
pecan,2.3966543203782535
pecks,0.0001
pedal,2.3964062687878287
pedro,0.0001
peels,0.0001
peeps,0.0001
peers,0.0001
peeve,0.995374
peggy,0.0001
pelts,0.0001
penal,2.3961579672564923
pence,2.3959094152354616
penis,0.0001
penne,2.395660612174095
penny,2.3954115575198833
peony,0.98993
peppy,2.395162250718444
pepsi,0.0001
perch,2.3949126912135075
peres,0.0001
peril,2.3946628784469137
perks,0.0001
perky,2.3944128118586
perry,0.0001
pesky,2.3941624908865937
pesos,0.0001
pesto,2.3939119149670027
pests,0.0001
petal,2.3936610835340075
peter,0.998799
petit,2.3934099960198516
petri,2.393158651854832
petty,2.392907050467292
phage,0.859036
phase,2.39265519128361
phish,0.845544
phone,2.3924030737281914
phony,2.3921506972234603
photo,2.391898061189848
piano,2.3916451650457864
picks,0.0001
picky,2.3913920082076965
piece,2.3911385900899798
piers,0.0001
piety,2.390884910105009
piggy,2.3906309676631183
piked,0.0001
piker,0.904462
pikes,0.0001
pilaf,0.997912
pilar,0.0001
piled,0.0001
piles,0.0001
pills,0.0001
pilot,2.3903767621725946
pimps,0.0001
pinch,2.3901222930396657
pined,0.0001
pines,0.0001
piney,0.99161
pings,0.0001
pinks,0.0001
pinky,0.994219
pinot,2.3898675596684935
pinto,0.986342
pints,0.0001
pinup,2.3896125614611616
pious,2.3893572978176687
piped,0.0001
piper,0.998216
pipes,0.0001
pipet,0.031973
pique,2.389101768135914
piste,0.936046
pitch,2.388845971811693
pithy,2.388589908238682
pivot,2.388333576808433
pixel,2.3880769769103596
pixie,2.38782010793173
pizza,2.3875629692576537
place,2.3873055602710744
plaid,2.3870478803527577
plain,2.3867899288812806
plait,0.953185
plane,2.3865317052330224
plank,2.3862732087821525
plans,0.0001
plant,2.3860144389006215
plasm,0.685589
plate,2.3857553949581494
playa,0.936046
plays,0.0001
plaza,2.385496076322215
plead,2.3852364823580468
pleas,0.0001
pleat,0.968989
plebe,0.934069
plied,0.0001
plier,0.040901
plies,0.0001
plink,0.955411
plonk,0.966306
plots,0.0001
pluck,2.384976612428608
plugs,0.0001
plumb,2.3847164658945905
plume,2.384456042114401
plump,2.384195340444151
plums,0.0001
plunk,2.383934360237646
plush,2.383673100846371
pluto,0.0001
poach,2.3834115616194858
poems,0.0001
poesy,0.859036
poets,0.0001
point,2.3831497419038064
poise,2.3828876410437996
poked,0.0001
poker,2.382625258381567
pokes,0.0001
pokey,0.985827
polar,2.3823625932568375
poled,0.0001
poles,0.0001
polio,2.3820996450069525
polis,0.936046
polka,2.381836412966855
polls,0.0001
polly,0.0001
polyp,0.969614
ponce,0.0001
ponds,0.0001
pongo,0.0001
pooch,0.999702
poofy,0.958934
pools,0.0001
poops,0.0001
popes,0.0001
poppa,0.0001
poppy,2.3815728964690797
popup,0.957972
porch,2.381309094843739
pored,0.0001
pores,0.0001
porgy,0.964463
porky,0.97971
porno,0.0001
porte,0.0001
ports,0.0001
posed,0.0001
poser,0.942233
poses,0.0001
posey,0.0001
posit,2.3810450074185114
posse,2.3807806335186306
posts,0.0001
potty,2.380515972466873
pouch,2.380251023583546
pound,2.3799857861864737
pours,0.0001
pouty,0.997545
power,2.3797202595909885
prank,2.379454443109914
prate,0.060813
prawn,0.994075
prays,0.0001
preen,0.999395
press,2.3791883360535575
preys,0.0001
price,2.378921937729694
prick,0.90808
pricy,0.928638
pride,2.3786552474435547
pried,2.3783882644978145
prima,2.3781209881925798
prime,2.3778534178253747
primo,0.975518
primp,0.945334
print,2.3775855526911283
prion,0.957478
prior,2.377317392082162
prise,0.891137
prism,2.3770489352881774
prius,0.0001
privy,2.376780181596241
prize,2.376511130290772
probe,2.376241780653531
prole,0.823057
promo,2.3759721319636027
prone,2.3757021834973857
prong,2.3754319345285775
proof,2.375161384328161
props,0.0001
prose,2.3748905321643923
proud,2.374619377302783
prove,2.3743479190060905
prowl,2.3740761565343025
proxy,2.373804089144622
prude,2.3735317160914544
prune,2.3732590366263926
psalm,2.3729860499982025
pshaw,0.704872
psych,0.998414
pubes,0.0001
pubic,2.3727127554528096
pudge,0.829263
pudgy,2.3724391522332824
puffs,0.0001
puffy,2.3721652395798207
puked,0.0001
pulls,0.0001
pulpy,2.3718910167297382
pulse,2.3716164829174486
pumps,0.0001
punch,2.371341637374452
punks,0.0001
punky,0.999528
punny,0.982329
pupae,0.936046
pupil,2.3710664793293175
puppy,2.37079100800767
purdy,0.0001
puree,2.370515222632174
purer,2.370239122422519
purge,2.3699627065954036
purse,2.369685974364519
purty,0.0001
pushy,2.3694089249405357
pussy,0.0001
putty,0.998656
pygmy,0.99457
pylon,0.985827
quack,2.3691315575310865
quads,0.0001
quaff,0.9725
quail,2.3688538713407508
quake,2.368575865571038
qualm,0.959403
quant,0.973811
quark,0.968346
quart,2.3682975394203716
quash,2.368018892084076
quasi,2.367739922754356
queen,2.3674606306202817
queer,2.367181014867774
quell,2.3669010746795873
query,2.36662080923529
queso,2.366340217711252
quest,2.366059299280624
queue,2.365778053113325
quick,2.36549647837602
quiet,2.3652145742321053
quill,2.364932339841692
quilt,2.3646497743615886
quint,0.0001
quirk,2.3643668769452804
quite,2.3640836467429143
quits,0.0001
quota,2.3638000829012813
quote,2.3635161845637978
quoth,0.850312
quran,0.007252
rabbi,2.363231950870487
rabid,2.3629473809579613
raced,0.0001
racer,2.3626624739594044
races,0.0001
racks,0.0001
radar,2.362377229004552
radii,0.829263
radio,2.3620916452196745
radon,0.965217
rafts,0.0001
raged,0.0001
rager,0.928638
rages,0.0001
raids,0.0001
rails,0.0001
rains,0.0001
rainy,2.3618057217275563
raise,2.3615194576474794
rajah,0.883085
raked,0.0001
rakes,0.0001
rally,2.3612328520952017
ralph,0.060813
ramen,2.360945904182942
ramon,0.0001
ramps,0.0001
rance,0.0001
ranch,2.3606586130193556
randy,2.36037097770952
range,2.360082997354912
rangy,2.3597946710533897
ranks,0.0001
rants,0.0001
raped,0.0001
rapes,0.0001
rapid,2.3595059978991717
rarer,2.3592169769828186
raspy,2.3589276073912124
rated,0.0001
rater,0.880145
rates,0.0001
ratio,2.358637888207536
ratty,2.3583478185112527
raved,0.0001
ravel,0.638004
raven,2.3580573973780874
raver,0.908252
rayon,0.983275
razed,0.0001
razor,2.3577666238800044
reach,2.3574754970851863
react,2.3571840160580173
reads,0.0001
ready,2.356892179859055
realm,2.3565999875450157
reals,0.0001
reaps,0.0001
rearm,0.985957
rears,0.0001
rebar,0.997598
rebel,2.3563074381687503
rebid,0.976207
rebus,0.990796
rebut,2.3560145307792233
rebuy,0.057262
recap,2.3557212644214918
recon,0.936997
recur,2.3554276381366814
recut,0.983275
reddy,0.0001
redid,0.998315
redub,0.052968
redux,2.3551336509619687
reeds,0.0001
reedy,2.3548393019305545
reefs,0.0001
reeks,0.0001
reels,0.0001
refer,2.3545445900716455
refit,0.977306
refry,0.047658
regal,2.3542495144104296
rehab,2.3539540739680533
reify,0.900374
reign,2.3536582677616016
reiki,0.967006
reins,0.0001
relax,2.353362094804071
relay,2.353065554104352
relic,2.3527686446672007
relit,0.859036
remap,0.923702
remit,0.996185
remix,2.3524713654932183
renal,2.3521737155788265
renew,2.351875693916245
rents,0.0001
repay,2.351577299493468
repel,2.351278531294237
reply,2.350979388298021
repot,0.885892
reran,0.911774
rerun,2.350679869479989
resaw,0.031973
reset,2.3503799738109863
resin,2.3500797002575116
rests,0.0001
retag,0.031973
retch,0.927457
retie,0.829263
retro,2.3497790477816896
retry,2.349478015341247
reuse,2.349176601889488
revel,2.3488748063752674
revue,2.3485726277429673
rheum,0.060813
rhine,0.0001
rhino,2.348270064932468
rhyme,2.3479671168791256
riche,0.0001
ricin,0.990029
rider,2.347663782513743
rides,0.0001
ridge,2.3473600607625458
riffs,0.0001
rifle,2.347055950547154
rifts,0.0001
right,2.3467514507845566
rigid,2.346446560387083
rigor,2.346141278262379
riled,0.0001
riley,0.0001
rinds,0.0001
rings,0.0001
rinse,2.3458356033133763
riots,0.0001
ripen,2.345529534438265
riper,0.981498
risen,2.34522307053047
riser,2.344916210478618
rises,0.0001
risks,0.0001
risky,2.3446089531665115
rites,0.0001
ritzy,0.99894
rival,2.344301297473102
riven,2.3439932422724583
river,2.343684786433741
rivet,0.984459
roach,2.343375928821171
roads,0.0001
roams,0.0001
roars,0.0001
roast,2.343066668294001
robed,0.0001
robes,0.0001
robin,2.3427570037064878
robot,2.3424469339078593
roche,0.0001
rocks,0.0001
rocky,2.3421364577422885
rodeo,2.34182557404886
roger,0.057262
rogue,2.341514281661542
rohan,0.0001
roles,0.0001
rolls,0.0001
roman,0.993857
romeo,0.0001
roofs,0.0001
rooks,0.0001
rooms,0.0001
roomy,2.341202579409156
roost,2.3408904661153436
roots,0.0001
roped,0.0001
roper,0.859036
ropes,0.0001
roque,0.0001
roses,0.0001
rosin,0.964077
rotor,0.994708
rouen,0.0001
rouge,0.997598
rough,2.340577940598537
round,2.340265001671929
rouse,2.339951648143439
roust,0.959403
route,2.339637878815684
roved,0.0001
rover,2.3393236924859453
rowan,0.0001
rowdy,2.3390090879461347
rowed,0.0001
rower,0.994003
royal,2.338694063982766
rubin,0.0001
ruble,2.3383786193769183
ruddy,2.3380627529042055
ruder,0.951399
rufus,0.0001
rugby,2.337746463334743
ruing,0.967685
ruins,0.0001
ruled,0.0001
ruler,2.337429749433114
rules,0.0001
rumba,2.3371126099583344
rummy,0.983121
rumor,2.3367950436638214
runes,0.0001
runny,2.336477049297357
runup,0.97971
rupee,2.336158625601055
rural,2.335839771311327
rusty,2.3355204851588436
saber,0.974285
sable,2.3352007658685046
sabre,0.727101
sacks,0.0001
sacre,0.0001
sadly,2.334880612159399
safer,2.334560022744772
safes,0.0001
saggy,0.989218
sahib,0.0001
sails,0.0001
saint,2.3342389963319863
saith,0.0001
sakes,0.0001
salad,2.3339175316224883
sales,0.0001
salle,0.0001
sally,0.972769
salon,2.3335956273117704
salsa,2.3332732820893334
salts,0.0001
salty,2.3329504946386503
salud,0.0001
salve,2.3326272636371286
salvo,2.332303587756072
samba,2.331979465660642
sambo,0.0001
samey,0.773749
sammy,0.0001
sands,0.0001
sandy,2.3316548960098205
saner,0.996773
sappy,2.3313298774563713
sarge,0.0001
sarin,0.0001
sassy,2.3310044086467996
satay,0.991073
sated,0.0001
satin,2.3306784882213134
satyr,0.980804
sauce,2.3303521148137842
saucy,2.330025287051707
sauna,2.3296980035561594
saute,2.329370262941761
saved,0.0001
saver,2.329042063816635
saves,0.0001
savin,0.0001
savor,2.3287134047823614
savoy,0.955942
savvy,2.328384284433942
sawed,0.0001
sayer,0.0001
sayid,0.0001
scabs,0.0001
scala,0.0001
scald,0.946784
scale,2.3280547013597532
scalp,2.327724654141508
scaly,2.3273941413542087
scamp,0.97575
scams,0.0001
scans,0.0001
scant,2.327063161566109
scape,0.933041
scare,2.3267317133386665
scarf,2.3263997952265023
scarp,0.816387
scars,0.0001
scary,2.3260674057773545
scene,2.325734543532036
scent,2.3254012070243872
schwa,0.750523
scion,2.3250673947812346
scoff,2.3247331053223412
scold,2.324398337160364
scone,2.3240630888008065
scoop,2.323727358741972
scoot,0.999351
scope,2.3233911454749165
score,2.3230544474834023
scorn,2.3227172632438498
scots,0.0001
scour,2.32237959122529
scout,2.3220414298893126
scowl,2.3217027776900236
scram,0.9309
scrap,2.3213636330739895
scree,0.951399
screw,2.3210239944801914
scrim,2.3206838603399738
scrip,0.962056
scrod,0.918127
scrub,2.3203432290769936
scrum,2.3200020991071697
scuba,2.3196604688386318
scuff,0.982001
scull,0.9309
scuse,0.0001
seals,0.0001
seams,0.0001
seamy,2.3193183366716674
sears,0.0001
seats,0.0001
sects,0.0001
sedan,2.3189757009986716
seder,0.972228
sedge,0.948172
seeds,0.0001
seedy,2.318632560204092
seeks,0.0001
seems,0.0001
seers,0.0001
segue,2.318288912664376
seine,0.0001
seize,2.3179447567479206
selah,0.0001
sells,0.0001
semen,0.0001
sends,0.0001
senor,0.0001
sense,2.317600090815013
sepia,2.3172549132177793
serfs,0.0001
serge,0.0001
serif,0.966658
serra,0.0001
serum,2.31690922230013
serve,2.3165630163977022
setup,2.3162162938378055
seven,2.3158690529393655
sever,2.315521292012866
sewed,0.0001
sewer,2.3151730093602914
sexes,0.0001
shack,2.314824203275071
shade,2.314474872042019
shady,2.314125013937275
shaft,2.3137746272282467
shake,2.3134237101735473
shaky,2.3130722610229384
shale,2.3127202780172658
shall,2.312367759388401
shalt,0.998608
shame,2.312014703359177
shank,2.311661108143327
shape,2.3113069719454202
shard,2.3109522929608004
share,2.310597069375519
shark,2.3102412993662718
sharp,2.3098849811003346
shave,2.3095281127354954
shawl,2.309170692419989
shawn,0.0001
sheaf,2.3088127182924287
shear,2.3084541884817424
sheds,0.0001
sheen,2.3080951011070985
sheep,2.3077354542778425
sheer,2.3073752460934243
sheet,2.3070144746433288
sheik,2.3066531380070066
shelf,2.3062912342538007
shell,2.305928761442875
sheng,0.0001
shied,2.305565717623143
shift,2.305202100833193
shill,0.996541
shine,2.3048379091012143
shins,0.0001
shiny,2.304473140444924
ships,0.0001
shire,0.906392
shirk,2.3041077928714895
shirt,2.3037418643774545
shish,0.0001
shite,0.0001
shits,0.0001
shiva,0.9966
shlep,0.721877
shoal,0.970814
shock,2.3033753529486622
shoed,0.0001
shoes,0.0001
shoji,0.0001
shone,2.3030082565601755
shook,2.302640573176202
shoot,2.302272300750014
shops,0.0001
shore,2.3019034372238685
shorn,2.3015339805289274
short,2.3011639285851775
shots,0.0001
shout,2.300793279301346
shove,2.300422030574822
shown,2.30005018029157
shows,0.0001
showy,2.2996777263260464
shred,2.2993046665411176
shrew,0.98265
shrub,2.2989309987879696
shrug,2.298556720906026
shuck,0.991254
shunt,0.989322
shush,0.981498
shuts,0.0001
shyer,0.946784
shyly,2.2981818307228585
sicko,0.0001
sided,0.0001
sides,0.0001
sidle,0.991073
siege,2.2978063260540997
sieve,2.2974302047033532
sighs,0.0001
sight,2.297053464462107
sigma,0.835053
signs,0.0001
sikes,0.0001
silks,0.0001
silky,2.296676103109638
sills,0.0001
silly,2.296298118412925
silty,0.960762
silva,0.0001
simba,0.0001
since,2.2959195081265555
sinew,0.991164
singe,0.965948
sings,0.0001
sinks,0.0001
sinus,2.295540269992631
sired,0.0001
siren,2.295160401740675
sires,0.0001
sissy,0.996541
sitar,0.996305
sited,0.0001
sites,0.0001
situp,0.773749
sixes,0.0001
sixth,2.294779901087537
sixty,2.294398765737297
sized,0.0001
sizes,0.0001
skate,2.2940169933811685
skeet,0.984025
skein,2.2936345816974018
skids,0.0001
skied,0.0001
skier,2.2932515283511856
skies,0.0001
skiff,0.999788
skill,2.2928678309945454
skimp,2.2924834872662463
skins,0.0001
skips,0.0001
skirt,2.292098494791688
skulk,0.978942
skull,2.2917128511828055
skunk,2.291326554037965
slabs,0.0001
slack,2.290939600941858
slade,0.0001
slain,2.2905519894653974
slake,0.981668
slams,0.0001
slang,2.29016371716561
slant,2.2897747815855323
slaps,0.0001
slash,2.2893851802540963
slate,2.288994910686025
slats,0.0001
slave,0.0001
slays,0.0001
sleek,2.288603970381719
sleep,2.288212356827147
sleet,2.28782006749373
slept,2.2874270998382302
slice,2.287033451302635
slick,2.286639119314039
slide,2.286244101284531
slime,2.2858483946110693
slimy,2.2854519966753686
sling,2.2850549048437747
slink,0.998315
slips,0.0001
slits,0.0001
sloan,0.0001
slobs,0.0001
sloop,0.990608
slope,2.284657116467143
slosh,0.983121
sloth,2.284258628880717
slots,0.0001
slows,0.0001
slugs,0.0001
slump,2.2838594394040026
slums,0.0001
slung,2.2834595453406417
slunk,0.993408
slurp,2.2830589439782853
slurs,0.0001
slush,2.2826576325884664
sluts,0.0001
slyly,2.28225560842647
smack,2.2818528687311996
small,2.2814494107250485
smarm,0.940571
smart,2.2810452316137644
smash,2.280640328586313
smear,2.2802346988147453
smell,2.2798283394540553
smelt,0.986718
smile,2.2794212476420443
smirk,2.2790134204991785
smite,0.959403
smith,0.854802
smock,2.2786048551284477
smoke,2.27819554861522
smoky,2.2777854980270993
smote,0.891137
smush,0.900374
snack,2.2773747004137768
snafu,0.988686
snail,2.276963152806884
snake,2.2765508522198417
snaky,0.979137
snaps,0.0001
snare,2.2761377956477093
snarf,0.721877
snark,2.275723980067034
snarl,2.275309402435693
sneak,2.2748940596927394
sneer,2.2744779487582445
snell,0.0001
snide,2.2740610665331387
sniff,2.2736434098990475
snipe,0.990889
snobs,0.0001
snoop,2.2732249757181338
snoot,0.854802
snore,2.272805760832929
snort,2.272385762066169
snout,2.2719649762206267
snows,0.0001
snowy,2.2715434000789383
snuck,2.2711210304034366
snuff,2.2706978639359754
soaks,0.0001
soaps,0.0001
soapy,2.270273897397752
soars,0.0001
sober,2.2698491274891346
socks,0.0001
sodas,0.0001
sodom,0.0001
sofas,0.0001
softy,0.977936
soggy,2.2694235508894787
soils,0.0001
solar,2.268997164256948
soled,0.0001
soles,0.0001
solid,2.2685699642283312
solos,0.0001
solve,2.2681419474188576
sonar,2.267713110422007
songs,0.0001
sonic,2.267283449809324
sonny,0.0001
sooth,0.915058
sooty,2.2668529621302254
soppy,0.962056
sores,0.0001
sorry,2.266421643911807
sorta,0.0001
sorts,0.0001
souls,0.0001
sound,2.2659894916586456
soups,0.0001
soupy,2.2655565018526067
south,2.265122670952639
sowed,0.0001
sower,0.816387
space,2.2646879953945778
spade,2.2642524715909342
spain,0.0001
spake,0.0001
spank,2.2638160959306948
spans,0.0001
spare,2.263378864779108
spark,2.2629407744774768
spars,0.0001
spasm,2.2625018213429415
spate,2.2620620016682667
spats,0.0001
spawn,2.26162131172162
speak,2.2611797477463527
spear,2.2607373059607774
speck,2.260293982557939
specs,0.0001
speed,2.2598497737053895
spell,2.2594046755449546
spelt,0.988901
spend,2.2589586841924993
spent,2.258511795737694
sperm,2.258064006243773
spice,2.257615311747294
spicy,2.257165708257892
spied,2.256715191758032
spiel,2.25626375820276
spies,0.0001
spiff,0.943035
spike,2.2558114035194468
spiky,2.255358123607534
spill,2.2549039143382745
spilt,0.950148
spine,2.2544487715544683
spins,0.0001
spiny,0.998608
spire,2.2539926910701986
spite,2.2535356686705628
spits,0.0001
splat,0.987324
splay,0.971391
split,2.2530777001113993
spoil,2.2526187811190157
spoke,2.252158907389907
spoof,2.251698074590476
spook,2.2512362783567488
spool,0.993408
spoon,2.250773514294084
spore,2.250309777976883
spork,0.916618
sport,2.2498450649482944
spots,0.0001
spout,2.249379370719915
spray,2.248912690771486
spree,2.2484450205505886
sprig,2.2479763554723338
spuds,0.0001
spume,0.891137
spunk,2.247506690919047
spurn,2.247036022239954
spurs,0.0001
spurt,2.2465643447508556
squab,0.996658
squad,2.246091653733806
squat,2.24561794443678
squaw,0.0001
squib,0.96992
squid,2.245143212073343
stabs,0.0001
stack,2.244667451822311
staff,2.2441906588274096
stage,2.24371282819693
stagy,0.999528
staid,2.243233955003375
stain,2.2427540342831094
stair,2.242273061035995
stake,2.2417910302250323
stale,2.241307936775991
stalk,2.240823775577035
stall,2.2403385414783474
stamp,2.239852229291748
stand,2.2393648337903054
stank,0.989007
staph,0.99254
stare,2.2388763497079442
stark,2.238386771739052
starr,0.0001
stars,0.0001
start,2.237896094538071
stash,2.2374043127190966
state,2.2369114208554617
stats,0.0001
stave,2.2364174134793187
stays,0.0001
stead,2.2359222850812186
steak,2.235426030109679
steal,2.2349286429707536
steam,2.2344301180275883
steed,0.989629
steel,2.2339304495999786
steep,2.233429631963915
steer,2.2329276593511294
stein,0.965217
stele,0.963686
stems,0.0001
steno,0.916618
stent,2.2324245259486264
steps,0.0001
stern,2.231920225898219
stick,2.231414753296048
stiff,2.230908102192103
stile,0.829263
still,2.2304002665897324
stilt,0.990127
sting,2.2298912404451467
stink,2.2293810176669195
stint,2.228869592115477
stirs,0.0001
stock,2.228356957602582
stoic,2.2278431078908136
stoke,2.2273280366930357
stole,2.2268117376718606
stoma,0.721877
stomp,2.226294204439105
stone,2.225775430555239
stony,2.2252554095288266
stood,2.224734134815959
stool,2.2242115998196783
stoop,2.223687797889399
stops,0.0001
store,2.2231627223203123
stork,2.2226363663527917
storm,2.2221087231717833
story,2.221579785906189
stout,2.2210495476282466
stove,2.220518001352892
strap,2.219985140037118
straw,2.219450956579327
stray,2.218915443818664
strep,2.2183785945343533
strew,0.940571
strip,2.2178404014450144
strum,0.995693
strut,2.2173008572079755
stubs,0.0001
stuck,2.216759954418573
studs,0.0001
study,2.2162176856094438
stuff,2.2156740432498037
stump,2.215129019744721
stung,2.214582607434372
stunk,0.99711
stunt,2.2140347985932944
style,2.21348558542962
suave,2.212934960084306
sucks,0.0001
sucre,0.0001
sudan,0.0001
sudsy,0.986963
suede,2.2123829146303478
sugar,2.2118294410719828
suing,2.2112745313438826
suite,2.2107181773103344
suits,0.0001
sulky,0.995374
sully,2.210160370764404
sumac,0.998704
sunny,2.209601103427098
sunup,0.980266
super,2.2090403669465006
surat,0.0001
surer,2.2084781528969053
surge,2.207914452777931
surly,2.2073492580136267
sushi,2.20678255995156
sutra,0.0001
swabs,0.0001
swain,0.949503
swale,0.927457
swami,0.959403
swamp,2.2062143498618916
swang,0.057262
swank,2.2056446189364394
swans,0.0001
swarm,2.2050733582877236
swash,0.809197
swath,2.2045005589480002
sways,0.0001
swear,2.203926211868279
sweat,2.2033503079173244
swede,0.0001
sweep,2.2027728378806457
sweet,2.2021937924594646
swell,2.2016131622696715
swept,2.201030937840767
swift,2.20044710961478
swill,0.984882
swims,0.0001
swine,2.1998616679451746
swing,2.1992746030957386
swipe,2.1986859052394534
swirl,2.1980955644573434
swish,2.1975035707373145
swiss,0.0001
swoon,2.1969099139729655
swoop,2.196314583962386
sword,2.1957175704069325
swore,2.1951188629099843
sworn,2.194518450975682
swung,2.193916324007642
sykes,0.0001
synch,0.984171
synod,0.985428
synth,0.995942
syrup,2.1933124713076517
tabby,0.989007
table,2.192706882074345
taboo,2.192099545401851
tabor,0.0001
tacit,2.1914904502784265
tacks,0.0001
tacky,2.1908795855850602
tacos,0.0001
taffy,0.997384
tails,0.0001
taint,2.1902669400940584
taken,2.189652502467604
taker,2.1890362612562915
takes,0.0001
takin,0.0001
tales,0.0001
talks,0.0001
talky,2.1884182048976415
tally,2.1877983217145816
talon,2.1871765999139128
talus,0.850312
tamed,0.0001
tamer,2.186553027584739
tammy,0.0001
tango,2.185927592696878
tangy,2.1853002830992403
tania,0.0001
tanks,0.0001
tanna,0.0001
taped,0.0001
taper,2.1846710865181818
tapes,0.0001
tapir,0.898205
tardy,2.1840399905558283
tarot,2.183406982688372
tarry,0.983579
tarts,0.0001
tased,0.0001
taser,0.885892
tasks,0.0001
taste,2.1827720502643353
tasty,2.1821351805028075
tater,0.968346
tatty,0.984315
taunt,2.18149636049165
taupe,2.180855577185668
tawny,2.180212817404753
taxed,0.0001
taxes,0.0001
taxis,0.0001
teach,2.1795680678319895
teams,0.0001
tears,0.0001
teary,2.178921315011733
tease,2.178272545347647
teats,0.0001
techs,0.0001
techy,0.937924
teddy,2.1776217451007076
teens,0.0001
teeny,2.1769689003871795
teeth,2.1763139971765426
tells,0.0001
telly,0.0001
telos,0.816387
tempo,2.17565702128939
temps,0.0001
tempt,2.1749979583952874
tends,0.0001
tenet,2.1743367940105895
tenor,2.1736735134962206
tense,2.1730081020554115
tenth,2.172340544731397
tents,0.0001
tepee,0.985428
tepid,2.1716708264050704
terms,0.0001
terra,2.1709989317925924
terre,0.0001
terry,0.990608
terse,2.1703248454429587
tesla,0.0001
tests,0.0001
testy,2.169648551735519
tetra,0.685589
texas,0.0001
texts,0.0001
thane,0.0001
thank,2.1689700348774537
theft,2.1682892789011974
their,2.1676062676618186
theme,2.1669209848343476
there,2.1662334139110535
these,2.165543538198669
theta,0.835053
thick,2.1648513408155634
thief,2.164156804688858
thigh,2.16345991255149
thine,0.970814
thing,2.1627606469392147
think,2.162058990187553
thins,0.0001
third,2.161354924428677
thong,2.160648431588235
thorn,2.1599394933821134
those,2.159228091313135
three,2.1585142066676912
threw,2.157797820512308
throb,2.157078913690139
throw,2.156357466817393
thrum,2.1556334602796876
thugs,0.0001
thumb,2.1549068742283257
thump,2.1541776885765005
thyme,2.153445882995418
tiara,2.1527114369103453
tibia,0.993484
ticks,0.0001
tidal,2.151974329496571
tided,0.0001
tides,0.0001
tiers,0.0001
tiger,2.151234539675287
tight,2.150492046109382
tilde,0.904462
tiled,0.0001
tiles,0.0001
tilly,0.0001
tilts,0.0001
timed,0.0001
timer,2.1497468271991442
times,0.0001
timid,2.1489988610778807
timon,0.0001
tinge,2.148248125607439
tinny,2.147494598373631
tints,0.0001
tippy,0.0001
tipsy,2.146738256681569
tired,2.1459790775508907
tires,0.0001
titan,2.1452170377108915
titer,0.704872
tithe,0.97575
title,2.1444521135955417
titty,0.0001
tizzy,0.999745
toads,0.0001
toady,0.958457
toast,2.1436842813384063
today,2.1429135167674445
toddy,0.965948
toils,0.0001
token,2.142139795399702
tolls,0.0001
tombs,0.0001
tommy,0.0001
tonal,2.141363092435884
toned,0.0001
toner,2.1405833827548055
tones,0.0001
toney,0.783797
tonga,0.031973
tongs,0.0001
tonic,2.1398006409077266
tools,0.0001
toons,0.0001
tooth,2.1390148411125516
toots,0.0001
topaz,0.965585
topic,2.138225957247906
torah,0.276178
torch,2.1374339628470755
torso,2.1366388310918105
torta,0.980266
torte,2.1358405348059883
torus,0.835053
total,2.135039046449133
toted,0.0001
totem,2.1342343381097835
touch,2.133426381498712
tough,2.1326151479419844
tours,0.0001
towed,0.0001
towel,2.131800608373857
tower,2.1309827333295117
towns,0.0001
toxic,2.1301614929376163
toxin,2.1293368569127136
toyed,0.0001
trace,2.1285087945474253
track,2.127677274704473
tract,2.12684226580851
trade,2.1260037358377515
trail,2.1251616523154055
train,2.1243159823008972
trait,2.1234666923808754
tramp,2.1226137486599996
trans,2.1217571167515006
traps,0.0001
trash,2.120896761767507
trawl,0.996246
trays,0.0001
tread,2.1200326483091274
treat,2.11916474045629
treed,0.0001
trees,0.0001
trend,2.1182930017573196
tress,0.829263
triad,0.998893
trial,2.117417395218257
tribe,2.1165378832919015
trice,0.873821
trick,2.1156544278665765
tried,2.114766990254604
trier,0.900374
tries,0.0001
trike,0.904462
trill,0.999079
trims,0.0001
trine,0.0001
tripe,2.1138755311804824
trips,0.0001
trite,2.1129800107687564
trois,0.0001
troll,2.11208038853157
tromp,0.953185
troop,2.1111766233558935
trope,2.1102686734904084
troth,0.0001
trots,0.0001
trout,2.109356496532052
trove,2.1084400494121964
truce,2.1075192883824556
truck,2.1065941690001155
truer,2.105664646113161
truly,2.104730673844899
trump,2.103792205578158
trunk,2.102849193939049
truss,0.999306
trust,2.101901590780278
truth,2.100949347163992
tryst,2.0999924133441397
tubal,0.95487
tubby,0.976207
tubed,0.0001
tuber,0.974314
tubes,0.0001
tucks,0.0001
tufts,0.0001
tufty,0.638004
tulip,2.099030738748338
tulle,2.098064271959219
tummy,2.097092960695248
tumor,2.0961167517909844
tuned,0.0001
tuner,2.0951355911767746
tunes,0.0001
tunic,2.0941494238578526
turbo,2.0931581938928296
turds,0.0001
turks,0.0001
turns,0.0001
tusks,0.0001
tutor,2.0921618443715486
tutti,0.0001
twain,0.978142
twang,2.09116031739228
tweak,2.090153554038243
tweed,2.0891414943534174
tween,2.088124077317624
tweet,2.087101240820852
twerk,0.929785
twerp,0.941412
twice,2.0860729216367977
twigs,0.0001
twill,0.993559
twine,2.0850390553955904
twink,0.0001
twins,0.0001
twirl,2.083999576555673
twist,2.082954418374804
twixt,0.816387
tying,2.0819035128801544
tyler,0.0001
typed,0.0001
types,0.0001
tyres,0.0001
udder,0.956975
ulcer,2.0808467908374544
ulnar,0.991254
ultra,2.0797841817191642
umami,2.0787156136716245
umber,0.975518
umbra,0.885892
unarm,0.052968
unbox,0.823057
uncap,0.823057
uncle,2.077641013481146
uncut,2.0765603065390055
under,2.075473416805294
undid,2.0743802667715787
undue,2.0732807774223296
unfed,0.941412
unfit,2.07217486819506
unhip,0.981327
unify,2.0710624569391314
union,2.0699434598731665
unite,2.0688177915410098
units,0.0001
unity,2.067685364766186
unjam,0.663523
unlit,0.996125
unmet,2.066546090604782
unpin,0.750523
unsay,0.060813
unsee,0.955411
unset,0.801422
untag,0.750523
untie,2.0653998782966925
until,2.064246635215162
unwed,2.063086266814544
unzip,2.061918676576207
upend,2.0607437659525063
upped,0.0001
upper,2.0595614343087334
upset,2.058371578862963
urban,2.0571740946236914
urged,0.0001
urges,0.0001
urine,2.055968874325184
usage,2.054755808360415
users,0.0001
usher,2.0535347847115037
using,2.052305688877519
usual,2.051068403799545
usurp,2.0498228097828726
usury,0.986086
utile,0.736992
utter,2.0485687844161866
uvula,0.877061
vague,2.0473062024876065
valet,2.0460349358974312
valid,2.044754853567433
valor,0.99315
value,2.0434658213465284
valve,2.042167701912663
vamps,0.0001
vampy,0.971953
vaped,0.0001
vapid,2.0408603546707065
vapor,2.039543635646178
varna,0.0001
vases,0.0001
vault,2.0382173973745856
vaunt,0.816387
veers,0.0001
vegan,2.036881488786161
vegas,0.0001
veils,0.0001
veins,0.0001
veiny,0.911774
veldt,0.904462
venal,2.0355357550857573
venom,2.0341800376276638
venti,0.967348
vents,0.0001
venue,2.0328141737850727
venus,0.0001
verbs,0.0001
verde,0.0001
verge,2.0314379968139242
versa,0.0001
verse,2.03005133571083
verso,0.902458
verve,2.028654015064768
vests,0.0001
vexed,0.0001
vials,0.0001
vibes,0.0001
vicar,2.027245854902209
vices,0.0001
vichy,0.0001
video,2.0258266705253307
views,0.0001
vigil,2.0243962723429276
vigor,2.022954465693637
villa,2.021501050661034
ville,0.0001
vined,0.0001
vines,0.0001
vinny,0.0001
vinyl,2.0200358218801577
viola,2.0185585683349734
viper,2.0170690731462573
viral,2.015567113349356
virgo,0.0001
virus,2.014052459661225
visas,0.0001
visit,2.012524876236123
visor,2.0109841204092813
vista,2.0094299424278343
vital,2.0078620851682385
vitro,2.0062802838393434
vivid,2.004684265670245
vixen,0.990127
vocal,2.0030737495819486
vodka,2.001448445841839
vogue,1.9998080556998419
voice,1.9981522710051058
voila,1.9964807738019261
voile,0.968989
volta,0.0001
volts,0.0001
vomit,1.9947932359035434
voted,0.0001
voter,1.9930893184423355
votes,0.0001
vouch,1.9913686713948096
vowed,0.0001
vowel,1.9896309330796706
vroom,0.926242
vying,1.9878757296271052
wacko,0.994431
wacky,1.986102674417263
waded,0.0001
wader,0.721877
wafer,1.9843113674857555
wafts,0.0001
waged,0.0001
wager,1.9825013948938073
wages,0.0001
wagon,1.9806723280604912
wails,0.0001
waist,1.97882372305426
waits,0.0001
waive,1.9769551198407445
waked,0.0001
waken,0.870413
wakes,0.0001
wales,0.0001
walks,0.0001
walla,0.0001
walls,0.0001
wally,0.0001
waltz,1.9750660414835215
wands,0.0001
waned,0.0001
wanes,0.0001
wanly,0.990889
wanna,0.0001
wants,0.0001
wards,0.0001
wares,0.0001
warms,0.0001
warns,0.0001
warts,0.0001
warty,0.948172
washy,0.0001
wasps,0.0001
waste,1.9731559932942537
watch,1.9712244619282868
water,1.9692709144214215
watts,0.0001
waved,0.0001
waver,1.9672947971631858
waves,0.0001
waxed,0.0001
waxen,0.948172
waxes,0.0001
wazoo,0.0001
wears,0.0001
weary,1.9652955348014847
weave,1.9632725290730209
weber,0.0001
wedge,1.9612251575533324
weeds,0.0001
weedy,1.9591527723196844
weeks,0.0001
weeny,0.0001
weeps,0.0001
weepy,1.957054698519387
weigh,1.9549302328353408
weird,1.9527786418397874
welch,0.0001
wells,0.0001
welsh,0.0001
wench,0.0001
whack,1.9505991602262842
whale,1.9483909889088724
wharf,1.9461532929762155
whats,0.0001
wheat,1.943885199487147
wheel,1.9415857950925588
whelk,0.908252
whelp,0.721877
where,1.9392541234668537
which,1.9368891825302623
whiff,1.9344899214411337
while,1.9320552373348177
whims,0.0001
whine,1.9295839717829375
whiny,1.9270749069436102
whips,0.0001
whirl,1.924526761369482
whirr,0.927457
whisk,1.9219381854362045
whist,0.9309
white,1.9193077563491108
whizz,0.840468
whole,1.9166339726802328
whomp,0.913444
whoop,1.9139152483813295
whore,0.0001
whorl,0.962056
whose,1.9111499062110682
wicca,0.0001
wicks,0.0001
widen,1.9083361705057909
wider,1.9054721592131305
widow,1.9025558750958544
width,1.8995851959994026
wield,1.8965578640601932
wigan,0.0001
wight,0.829263
wilco,0.0001
wilds,0.0001
wiled,0.0001
wiles,0.0001
wills,0.0001
willy,0.883085
wimps,0.0001
wimpy,1.8934714737124563
wince,1.89032345832844
winch,0.987084
winds,0.0001
windy,1.887111075299636
wined,0.0001
wines,0.0001
winey,0.936046
wings,0.0001
winks,0.0001
wiped,0.0001
wiper,1.8838313893341576
wipes,0.0001
wired,0.0001
wires,0.0001
wiser,1.88048125370649
wisps,0.0001
wispy,1.8770572891489483
witch,1.8735558600175286
witty,1.869973047296007
wives,0.0001
woken,1.8663046179181089
woman,1.8625459897844663
women,1.858692191723827
wonky,1.854737817490064
woods,0.0001
woody,1.850676972689307
wooed,0.0001
wooer,0.76271
wooly,0.967006
woozy,1.8465032132836314
words,0.0001
wordy,1.8422094740039803
works,0.0001
world,1.8377879846049854
worms,0.0001
wormy,0.963288
worry,1.8332301713803383
worse,1.8285265406913602
worst,1.823666540390765
worth,1.8186383938744939
would,1.8134288999622614
wound,1.808023189741627
woven,1.802404428691781
wowed,0.0001
wrack,0.919587
wraps,0.0001
wrath,1.7965534485073824
wreak,1.7904482875816905
wreck,1.7840636113344799
wrest,1.7773699723163667
wring,1.7703328534238914
wrist,1.7629114125734273
write,1.7550568086950382
wrong,1.7467099280834395
wrote,1.7377982311903748
wrung,1.7282312735549201
wryly,1.7178941639615306
wurst,0.955411
xenon,0.968018
xerox,0.0001
yacht,1.7066376924315183
yahoo,0.97575
yanks,0.0001
yappy,0.935071
yards,0.0001
yarns,0.0001
yawns,0.0001
yearn,1.6942628405126032
years,0.0001
yeast,1.6804952981338603
yells,0.0001
yield,1.6649409971737774
yikes,0.0001
yodel,0.968346
yoked,0.0001
yokel,0.946784
young,1.6470024473759446
yours,0.0001
youse,0.0001
youth,1.6257047061854926
yucca,0.99856
yucky,0.984742
yummy,1.5992783813117737
zebra,1.5639166559074489
zeros,0.0001
zesty,1.5082301470105408
zilch,0.9725
zippy,1.0
zonal,0.859036
zoned,0.0001
zones,0.0001
zorro,0.0001
