word,final_prior
aback,1.0
abase,0.911774
abash,0.031973
abate,1.0
abbas,0.003896
abbey,0.999124
abbot,0.992376
abhor,1.0
abide,1.0
abled,0.003896
abode,1.0
aboil,0.663523
abort,1.0
about,1.0
above,1.0
abuse,1.0
abuzz,1.0
abyss,1.0
ached,0.003896
aches,0.003896
achoo,0.052968
acids,0.003896
acing,0.964463
acorn,1.0
acres,0.003896
acrid,1.0
acted,0.003896
actin,0.003896
acton,0.003896
actor,1.0
acute,1.0
adage,1.0
adapt,1.0
added,0.003896
adder,0.873821
addle,0.870413
adept,1.0
adieu,1.0
adios,0.935071
admin,0.966306
admit,1.0
adobe,1.0
adobo,0.995374
adopt,1.0
adore,1.0
adorn,1.0
adult,1.0
aegis,1.0
aerie,1.0
affix,1.0
afire,1.0
afoot,1.0
afore,0.638004
afoul,1.0
after,1.0
again,1.0
agape,1.0
agate,0.98098
agave,1.0
agent,1.0
aggie,0.003896
agile,1.0
aging,1.0
agita,0.994003
aglow,1.0
agony,1.0
agora,0.956463
agree,1.0
ahead,1.0
ahold,0.993709
aided,0.003896
aider,0.859036
aides,0.003896
ailed,0.003896
aimed,0.003896
aioli,1.0
aired,0.003896
aisle,1.0
alamo,0.003896
alarm,1.0
album,1.0
alder,0.97456
alert,1.0
algae,1.0
alias,1.0
alibi,1.0
alien,1.0
align,1.0
alike,1.0
aline,0.003896
alive,1.0
allan,0.003896
allay,1.0
allen,0.003896
alley,1.0
allot,0.994003
allow,1.0
alloy,1.0
aloft,1.0
aloha,0.968989
alone,1.0
along,1.0
aloof,1.0
aloud,1.0
alpha,1.0
altar,1.0
alter,1.0
alway,0.003896
amaro,0.972228
amass,1.0
amaze,1.0
amber,1.0
ambit,0.973035
amble,1.0
amend,1.0
amigo,0.942233
amino,1.0
amiss,1.0
amity,0.989425
among,1.0
amour,0.989007
amped,0.003896
ample,1.0
amply,1.0
amuck,0.801422
amuse,1.0
ancho,0.989113
angel,1.0
anger,1.0
angle,1.0
anglo,0.003896
angry,1.0
angst,1.0
anima,0.942233
anime,1.0
anise,1.0
ankle,1.0
annal,0.019518
annas,0.003896
annex,1.0
annoy,1.0
annul,1.0
annum,0.003896
anode,0.850312
anole,0.850312
antic,1.0
antsy,1.0
anvil,1.0
aorta,1.0
apace,1.0
apart,1.0
aphid,0.948844
aping,0.99393
apnea,1.0
apple,1.0
apply,1.0
apron,1.0
aptly,1.0
arbor,0.939414
arced,0.003896
ardor,0.994098
areas,0.003896
arena,1.0
argon,0.961201
argot,1.0
argue,1.0
argus,0.003896
arias,0.003896
ariel,0.003896
arise,1.0
armed,1.0
armor,1.0
aroma,1.0
arose,1.0
arras,0.003896
array,1.0
arrow,1.0
arson,1.0
artsy,1.0
ascot,0.977306
ashed,0.003896
ashen,1.0
ashes,0.003896
aside,1.0
asked,0.003896
asker,0.829263
askew,1.0
aspen,0.987907
aspic,0.982001
assay,0.967006
asses,0.003896
asset,1.0
aster,0.943819
astir,0.902458
atlas,1.0
atoll,0.994075
atoms,0.003896
atone,1.0
atria,0.895947
attic,1.0
audio,1.0
audit,1.0
auger,0.950148
aught,0.840468
augur,1.0
aunts,0.003896
aunty,0.685589
aural,1.0
avail,1.0
avant,0.003896
avast,0.773749
avert,1.0
avian,1.0
avoid,1.0
await,1.0
awake,1.0
award,1.0
aware,1.0
awash,1.0
awful,1.0
awoke,1.0
axial,0.928638
axing,0.956975
axiom,1.0
axion,0.060813
axles,0.003896
azure,1.0
babel,0.845544
babes,0.003896
babka,0.97575
backs,0.003896
bacon,1.0
badge,1.0
badly,1.0
bagel,1.0
baggy,1.0
baits,0.003896
baked,1.0
baker,1.0
bakes,0.003896
baldy,0.704872
baled,0.003896
baler,0.835053
bales,0.003896
balky,1.0
balls,0.003896
bally,0.003896
balmy,1.0
balsa,0.976432
banal,1.0
banco,0.003896
banda,0.003896
bands,0.003896
bandy,0.954319
bangs,0.003896
banjo,1.0
banks,0.003896
barbs,0.003896
bards,0.003896
bared,0.003896
barer,0.829263
barge,1.0
barks,0.003896
barns,0.003896
baron,1.0
barre,0.997756
barry,0.003896
basal,0.987324
based,0.003896
bases,0.003896
basic,1.0
basil,1.0
basin,1.0
basis,1.0
baste,1.0
batch,1.0
bated,0.003896
bates,0.003896
bathe,1.0
baths,0.003896
batik,0.990889
baton,1.0
batty,0.997384
bawdy,1.0
bayed,0.003896
bayou,1.0
beach,1.0
beads,0.003896
beady,0.976432
beaks,0.003896
beams,0.003896
beans,0.003896
beard,1.0
bears,0.003896
beast,1.0
beats,0.003896
beaut,0.936997
beaux,0.003896
bebop,1.0
becks,0.003896
beech,1.0
beefs,0.003896
beefy,1.0
beeps,0.003896
beers,0.003896
beets,0.003896
befit,0.983428
befog,0.736992
began,1.0
begat,0.999916
beget,0.999351
begin,1.0
begot,0.97971
begun,1.0
beige,1.0
being,1.0
belay,0.906392
belch,1.0
belie,1.0
belle,1.0
bello,0.003896
bells,0.003896
belly,1.0
below,1.0
belts,0.003896
bench,1.0
bends,0.003896
bendy,0.952006
benny,0.003896
bento,0.989113
beret,1.0
berry,1.0
berth,1.0
beryl,0.816387
beset,1.0
besot,0.040901
betel,0.975045
betty,0.003896
bevel,0.866823
bezel,0.970222
bible,0.954557
bicep,0.994639
biddy,0.54929
bided,0.003896
bidet,0.98249
bigot,1.0
biked,0.003896
biker,1.0
bikes,0.003896
bilbo,0.003896
bilge,0.96992
bills,0.003896
billy,0.991344
bimbo,0.003896
binds,0.003896
binge,1.0
bingo,1.0
biome,0.943035
biped,0.919587
bipod,0.921002
birch,1.0
birds,0.003896
birth,1.0
bison,1.0
bitch,0.003896
biter,0.952601
bites,0.003896
bitsy,0.816387
bitty,0.973297
black,1.0
blade,1.0
blame,1.0
blanc,0.003896
bland,1.0
blank,1.0
blare,1.0
blase,1.0
blast,1.0
blaze,1.0
bleak,1.0
bleat,0.978345
bleed,1.0
bleep,0.97598
blend,1.0
bless,1.0
blimp,0.999261
blind,1.0
bling,1.0
blink,1.0
bliss,1.0
blitz,1.0
bloat,1.0
block,1.0
blogs,0.003896
bloke,0.993099
blond,1.0
blood,1.0
bloom,1.0
bloop,1.0
blots,0.003896
blown,1.0
blows,0.003896
bluer,0.991344
blues,0.003896
bluff,1.0
blunt,1.0
blurb,1.0
blurt,1.0
blush,1.0
board,1.0
boars,0.003896
boast,1.0
boats,0.003896
bobby,0.986468
bocce,0.994147
boded,0.003896
bodhi,0.003896
boffo,0.978745
bogey,1.0
boggy,0.981835
bogie,0.736992
bogus,1.0
boils,0.003896
boing,0.902458
bolts,0.003896
bolus,0.877061
bombs,0.003896
bonds,0.003896
boned,0.003896
boner,0.276178
bones,0.003896
boney,0.638004
bongo,0.984025
bonne,0.003896
bonny,0.823057
bonus,1.0
boobs,0.003896
booby,0.915879
booed,0.003896
books,0.003896
booms,0.003896
boost,1.0
booth,1.0
boots,0.003896
booty,0.932166
booze,1.0
boozy,1.0
borax,0.906392
bored,1.0
bores,0.003896
boric,0.885892
borne,1.0
boron,0.952006
bosom,1.0
boson,0.990608
bossa,0.003896
bossy,1.0
botch,1.0
bough,0.963288
boule,0.922373
bound,1.0
bouts,0.003896
bowed,0.003896
bowel,1.0
bower,0.955942
bowie,0.003896
bowls,0.003896
boxed,0.003896
boxer,1.0
boxes,0.003896
bozos,0.003896
brace,1.0
brack,0.003896
brags,0.003896
braid,1.0
brain,1.0
brake,1.0
brand,1.0
brant,0.003896
brash,1.0
brass,1.0
brats,0.003896
brava,0.888573
brave,1.0
bravo,1.0
brawl,1.0
brawn,1.0
bread,1.0
break,1.0
bream,0.990513
breed,1.0
brent,0.003896
brews,0.003896
briar,0.953185
bribe,1.0
brick,1.0
bride,1.0
brief,1.0
brier,0.873821
brill,0.003896
brine,1.0
bring,1.0
brink,1.0
briny,1.0
brisk,1.0
brits,0.003896
britt,0.003896
broad,1.0
brock,0.003896
broil,1.0
broke,1.0
bronc,0.880145
brood,1.0
brook,1.0
broom,1.0
broth,1.0
brown,1.0
brows,0.003896
bruin,0.663523
brunt,1.0
brush,1.0
brusk,0.019518
brute,1.0
bubba,0.003896
bucko,0.003896
bucks,0.003896
buddy,1.0
budge,1.0
buffs,0.003896
buffy,0.003896
buggy,1.0
bugle,1.0
build,1.0
built,1.0
bulbs,0.003896
bulge,1.0
bulgy,0.840468
bulky,1.0
bulls,0.003896
bully,1.0
bumps,0.003896
bumpy,1.0
bunch,1.0
bundy,0.003896
bunks,0.003896
bunny,1.0
buoys,0.003896
burbs,0.003896
burka,0.789685
burke,0.003896
burly,1.0
burns,0.003896
burnt,1.0
burro,0.955411
bursa,0.840468
burst,1.0
bused,0.003896
buses,0.003896
bushy,1.0
busts,0.003896
busty,0.981835
butch,0.99856
butte,0.935071
butts,0.003896
buxom,1.0
buyer,1.0
buzzy,1.0
bylaw,0.989425
bytes,0.003896
byway,0.975045
cabal,1.0
cabby,1.0
cabin,1.0
cable,1.0
cacao,1.0
cache,1.0
cacti,0.980266
caddy,0.992041
cadet,1.0
cadge,0.948172
cadre,1.0
cafes,0.003896
caged,0.003896
cages,0.003896
cagey,1.0
cairn,0.957972
cajun,0.003896
caked,0.003896
cakes,0.003896
calls,0.003896
calms,0.003896
calve,0.928638
camel,1.0
cameo,1.0
camps,0.003896
campy,1.0
camus,0.003896
canal,1.0
candy,1.0
caned,0.003896
canes,0.003896
canny,1.0
canoe,1.0
canon,1.0
canst,0.003896
caped,0.992458
caper,1.0
capes,0.003896
capon,0.951399
capri,0.980266
caput,0.052968
carat,0.962056
carbs,0.003896
cards,0.003896
cared,0.003896
carer,0.877061
cares,0.003896
caret,0.052968
cargo,1.0
carne,0.003896
carny,0.967348
carob,0.951399
carol,0.989629
carom,0.986468
carpe,0.003896
carry,1.0
carte,1.0
carts,0.003896
carve,1.0
cased,0.003896
cases,0.003896
casks,0.003896
caste,1.0
casts,0.003896
catch,1.0
cater,1.0
cates,0.003896
catty,1.0
caulk,1.0
cause,1.0
caved,0.003896
caves,0.003896
cavil,0.953185
cawed,0.003896
cease,1.0
cedar,1.0
ceded,0.003896
celeb,0.977091
cello,1.0
cells,0.003896
cents,0.003896
ceres,0.003896
chafe,1.0
chaff,0.997221
chain,1.0
chair,1.0
chalk,1.0
champ,1.0
chang,0.003896
chant,1.0
chaos,1.0
chaps,0.003896
chard,1.0
charm,1.0
chart,1.0
chary,0.943819
chase,1.0
chasm,1.0
chats,0.003896
cheap,1.0
cheat,1.0
check,1.0
cheek,1.0
cheep,0.773749
cheer,1.0
chefs,0.003896
chemo,1.0
chess,1.0
chest,1.0
chevy,0.003896
chews,0.003896
chewy,1.0
chick,1.0
chico,0.003896
chide,0.99944
chief,1.0
child,1.0
chile,1.0
chili,1.0
chill,1.0
chime,1.0
chimp,1.0
china,1.0
ching,0.003896
chink,0.003896
chino,0.929785
chins,0.003896
chips,0.003896
chirp,1.0
chive,1.0
chock,0.997438
choco,0.003896
choir,1.0
choke,1.0
cholo,0.003896
chomp,0.983275
chops,0.003896
chord,1.0
chore,1.0
chose,1.0
choux,0.962056
chuck,1.0
chump,1.0
chums,0.003896
chunk,1.0
churl,0.845544
churn,1.0
chute,1.0
cider,1.0
cigar,1.0
cilia,0.919587
cinch,1.0
circa,1.0
cisco,0.003896
cited,0.003896
cites,0.003896
civet,0.961632
civic,1.0
civil,1.0
clack,0.980627
clade,0.704872
claim,1.0
clair,0.003896
clamp,1.0
clams,0.003896
clang,1.0
clank,1.0
clans,0.003896
claps,0.003896
clary,0.003896
clash,1.0
clasp,1.0
class,1.0
clave,0.968989
claws,0.003896
clean,1.0
clear,1.0
cleat,0.982001
cleft,1.0
clerk,1.0
cleve,0.003896
click,1.0
cliff,1.0
clift,0.003896
climb,1.0
clime,0.959403
cline,0.003896
cling,1.0
clink,1.0
clint,0.003896
clips,0.003896
cloak,1.0
clock,1.0
clods,0.003896
clogs,0.003896
clomp,0.919587
clone,1.0
close,1.0
cloth,1.0
clots,0.003896
cloud,1.0
clout,1.0
clove,1.0
clown,1.0
clubs,0.003896
cluck,0.96992
clued,0.003896
clues,0.003896
clump,1.0
clung,1.0
clunk,0.96992
coach,1.0
coals,0.003896
coast,1.0
coati,0.801422
coats,0.003896
cobra,1.0
cocks,0.003896
cocky,1.0
cocoa,1.0
coded,0.003896
coder,1.0
codes,0.003896
codex,0.953185
cohen,0.003896
coils,0.003896
coins,0.003896
cokes,0.003896
colds,0.003896
coles,0.003896
coley,0.003896
colic,0.976432
colin,0.003896
colon,1.0
color,1.0
colts,0.003896
combe,0.003896
combo,1.0
combs,0.003896
comer,0.003896
comes,0.003896
comet,1.0
comfy,1.0
comic,1.0
comma,1.0
comme,0.003896
comte,0.003896
conch,1.0
condo,1.0
coned,0.003896
cones,0.003896
coney,0.003896
conga,1.0
congo,0.003896
conic,0.721877
cooed,0.003896
cooks,0.003896
cools,0.003896
coons,0.003896
copay,0.792985
coped,0.003896
copse,0.963686
coral,1.0
corby,0.003896
cords,0.003896
cored,0.003896
corer,0.721877
cores,0.003896
corgi,0.971674
corks,0.003896
corky,0.736992
corns,0.003896
corny,1.0
corps,1.0
corso,0.003896
costa,0.003896
costs,0.003896
couch,1.0
cough,1.0
could,1.0
count,1.0
coupe,1.0
court,1.0
couth,0.773749
coven,0.981327
cover,1.0
coves,0.003896
covet,1.0
covey,0.942233
cowed,0.003896
cower,1.0
coxed,0.003896
coyly,1.0
crabs,0.003896
crack,1.0
craft,1.0
crags,0.003896
craig,0.003896
cramp,1.0
crane,1.0
crank,1.0
craps,0.003896
crash,1.0
crass,1.0
crate,1.0
crave,1.0
crawl,1.0
craze,1.0
crazy,1.0
creak,0.998608
cream,1.0
credo,1.0
creed,1.0
creek,1.0
creep,1.0
crema,0.991073
creme,1.0
crepe,1.0
crept,1.0
cress,0.955942
crest,1.0
crewe,0.003896
crews,0.003896
crick,0.898205
cried,1.0
crier,0.984025
cries,0.003896
crime,1.0
crimp,1.0
crips,0.003896
crisp,1.0
criss,0.003896
croak,1.0
crock,1.0
croft,0.003896
crone,0.979137
crony,1.0
crook,1.0
croon,1.0
crops,0.003896
cross,1.0
croup,0.895947
crowd,1.0
crown,1.0
crows,0.003896
crude,1.0
cruel,1.0
cruet,0.888573
crumb,1.0
crump,0.750523
crush,1.0
crust,1.0
crypt,1.0
cubby,0.975283
cubed,0.003896
cubes,0.003896
cubic,1.0
cubit,0.76271
cuddy,0.003896
cuffs,0.003896
cuing,0.967348
culpa,0.003896
cults,0.003896
cumin,1.0
cunts,0.003896
cupid,0.947486
curds,0.003896
cured,0.003896
curer,0.052968
cures,0.003896
curia,0.911774
curie,0.003896
curio,1.0
curls,0.003896
curly,1.0
curry,1.0
curse,1.0
curve,1.0
curvy,1.0
cushy,1.0
cuter,0.993177
cutie,0.97933
cutup,0.985562
cyber,1.0
cycle,1.0
cynic,1.0
cysts,0.003896
dacha,0.988901
daddy,1.0
daffy,1.0
daily,1.0
dairy,1.0
daisy,1.0
dally,0.959403
dames,0.003896
damme,0.003896
dance,1.0
dandy,1.0
danny,0.003896
darcy,0.003896
dared,0.003896
dares,0.003896
darts,0.003896
dated,0.003896
dater,0.954319
dates,0.003896
datum,0.916618
daunt,0.965585
dawns,0.003896
dazed,0.003896
deals,0.003896
dealt,1.0
dears,0.003896
death,1.0
debar,0.685589
debit,1.0
debts,0.003896
debug,0.943035
debut,1.0
decaf,0.992041
decal,0.995942
decay,1.0
decks,0.003896
decor,1.0
decoy,1.0
decry,1.0
deeds,0.003896
deems,0.003896
defer,1.0
defog,0.057262
degas,0.003896
deify,0.93971
deign,0.993408
deist,0.835053
deity,1.0
delay,1.0
della,0.003896
delta,1.0
delve,1.0
demon,1.0
demos,0.003896
demur,0.986718
denim,1.0
dense,1.0
dents,0.003896
depot,1.0
depth,1.0
derby,1.0
derry,0.003896
desks,0.003896
deter,1.0
detox,1.0
deuce,1.0
devil,1.0
devon,0.003896
dials,0.003896
diana,0.003896
diane,0.003896
diary,1.0
diced,0.003896
dicer,0.638004
dicey,1.0
dicks,0.003896
diddy,0.003896
didst,0.003896
diets,0.003896
digit,1.0
diked,0.003896
dildo,0.003896
dilly,0.829263
dimes,0.003896
dimly,1.0
dined,0.003896
diner,1.0
dines,0.003896
dingo,0.924991
dings,0.003896
dingy,1.0
dinky,0.986963
diode,0.990322
dippy,0.964463
dirge,1.0
dirty,1.0
disco,1.0
discs,0.003896
dishy,0.987907
disks,0.003896
ditch,1.0
ditsy,0.989831
ditto,1.0
ditty,1.0
ditzy,0.987084
divan,0.981668
dived,0.003896
diver,1.0
dives,0.003896
divot,0.978345
divvy,0.999702
dixie,0.003896
dizzy,1.0
docks,0.003896
dodge,1.0
dodgy,1.0
doers,0.003896
doeth,0.003896
doggy,1.0
dogma,1.0
doily,0.957478
doing,1.0
dolce,0.003896
doled,0.003896
dolls,0.003896
dolly,0.993783
domed,1.0
domes,0.003896
donna,0.003896
donne,0.003896
donny,0.003896
donor,1.0
donut,1.0
doors,0.003896
doozy,1.0
doped,0.003896
doper,0.924991
dopey,1.0
doris,0.003896
dorks,0.003896
dorky,0.999033
dorms,0.003896
dosed,0.003896
doses,0.003896
doted,0.003896
dotes,0.003896
dotty,0.992125
doubt,1.0
dough,1.0
doula,0.985695
douse,1.0
dover,0.003896
doves,0.003896
dowdy,1.0
dowel,0.944585
downs,0.003896
downy,0.992783
dowry,0.999528
dowse,0.663523
dozed,0.003896
dozen,1.0
dozer,0.76271
draco,0.003896
draft,1.0
drags,0.003896
drain,1.0
drake,0.877061
drama,1.0
drank,1.0
drape,1.0
drawl,1.0
drawn,1.0
draws,0.003896
dread,1.0
dream,1.0
dreck,0.969303
dregs,0.003896
dress,1.0
dried,1.0
drier,1.0
dries,0.003896
drift,1.0
drill,1.0
drink,1.0
drips,0.003896
drive,1.0
droid,0.952006
droit,0.952006
droll,1.0
drone,1.0
drool,1.0
droop,1.0
drops,0.003896
dross,0.986841
drove,1.0
drown,1.0
drugs,0.003896
druid,0.933041
drums,0.003896
drunk,1.0
dryer,1.0
dryly,1.0
ducat,0.663523
duchy,0.953185
ducks,0.003896
ducky,0.946784
ducts,0.003896
dudes,0.003896
duels,0.003896
duked,0.003896
dukes,0.003896
dully,0.986468
dumbo,0.003896
dummy,1.0
dumps,0.003896
dumpy,0.992863
dunce,0.984025
dunes,0.003896
dunno,0.003896
duped,0.003896
durst,0.003896
dusky,1.0
dusty,1.0
dutch,0.891137
duvet,1.0
dwarf,1.0
dweeb,0.943035
dwell,1.0
dwelt,0.995244
dying,1.0
dykes,0.003896
eager,1.0
eagle,1.0
eared,0.003896
earls,0.003896
early,1.0
earns,0.003896
earth,1.0
eased,0.003896
easel,1.0
eases,0.003896
eaten,1.0
eater,1.0
ebbed,0.003896
ebony,1.0
ebook,0.911774
eclat,0.927457
edema,0.982966
edged,0.003896
edger,0.773749
edges,0.003896
edict,1.0
edify,0.947486
edits,0.003896
educe,0.031973
eerie,1.0
egged,0.003896
egret,0.97575
eider,0.840468
eight,1.0
eject,1.0
eking,1.0
elate,0.809197
elbow,1.0
elder,1.0
elect,1.0
elegy,1.0
elfin,1.0
elide,0.975045
elite,1.0
elope,0.97575
elude,1.0
elves,0.003896
email,1.0
embed,1.0
ember,1.0
emcee,0.983275
emery,0.923702
emits,0.003896
emmet,0.003896
emoji,1.0
emote,0.989831
empty,1.0
enact,1.0
ended,0.003896
endow,1.0
enema,0.965585
enemy,1.0
enjoy,1.0
ennui,1.0
ensue,1.0
enter,1.0
entry,1.0
envoy,1.0
epics,0.003896
epoch,1.0
epoxy,1.0
equal,1.0
equip,1.0
erase,1.0
erect,1.0
erica,0.003896
erode,1.0
erred,0.003896
error,1.0
erupt,1.0
essay,1.0
ester,0.835053
ether,1.0
ethic,1.0
ethos,1.0
ethyl,0.953757
etude,0.977306
euros,0.003896
evade,1.0
evens,0.003896
event,1.0
evert,0.031973
every,1.0
evict,1.0
evils,0.003896
evoke,1.0
exact,1.0
exalt,0.994361
exams,0.003896
excel,1.0
execs,0.003896
exert,1.0
exile,1.0
exist,1.0
exits,0.003896
expat,1.0
expel,1.0
extol,1.0
extra,1.0
exude,1.0
exult,0.991164
exurb,0.967006
eying,0.985827
fable,1.0
faced,0.003896
faces,0.003896
facet,1.0
facto,0.003896
facts,0.003896
faded,0.003896
fader,0.773749
fades,0.003896
fagin,0.003896
fails,0.003896
faint,1.0
faire,0.003896
fairs,0.003896
fairy,1.0
faith,1.0
faked,0.003896
faker,0.953757
fakes,0.003896
fakir,0.809197
falls,0.003896
false,1.0
famed,1.0
fancy,1.0
fangs,0.003896
fanny,0.003896
farce,1.0
fared,0.003896
fares,0.003896
farms,0.003896
farts,0.003896
fatal,1.0
fated,0.003896
fates,0.003896
fatso,0.003896
fatty,1.0
fatwa,1.0
fault,1.0
fauna,1.0
favor,1.0
faxed,0.003896
fayed,0.003896
fazed,0.003896
fears,0.003896
feast,1.0
feats,0.003896
fecal,1.0
feces,0.964314
feeds,0.003896
feels,0.003896
feign,1.0
feint,0.998315
felix,0.003896
fella,0.998656
felon,1.0
femme,0.945143
femur,1.0
fence,1.0
feral,1.0
ferns,0.003896
ferry,1.0
fetal,1.0
fetch,1.0
feted,0.003896
fetid,1.0
fetus,1.0
feuds,0.003896
fever,1.0
fewer,1.0
fiber,1.0
fibre,0.003896
ficus,0.986342
field,1.0
fiend,1.0
fiery,1.0
fifth,1.0
fifty,1.0
fight,1.0
filch,0.928638
filed,0.003896
filer,0.971674
files,0.003896
filet,1.0
fills,0.003896
filly,1.0
films,0.003896
filmy,0.996424
filth,1.0
final,1.0
finch,0.975045
finds,0.003896
fined,0.003896
finer,1.0
fines,0.003896
finis,0.003896
fired,0.003896
fires,0.003896
firms,0.003896
first,1.0
firth,0.015594
fishy,1.0
fists,0.003896
fitch,0.003896
fiver,0.003896
fives,0.003896
fixed,0.003896
fixer,1.0
fixes,0.003896
fizzy,1.0
fjord,0.99187
flack,0.987907
flags,0.003896
flail,1.0
flair,1.0
flake,1.0
flaky,1.0
flame,1.0
flank,1.0
flaps,0.003896
flare,1.0
flash,1.0
flask,1.0
flats,0.003896
flaws,0.003896
fleas,0.003896
fleck,0.966658
flees,0.003896
fleet,1.0
flesh,1.0
fleur,0.003896
flick,1.0
flied,0.003896
flier,1.0
flies,0.003896
fling,1.0
flint,0.991697
flips,0.003896
flirt,1.0
float,1.0
flock,1.0
flood,1.0
floor,1.0
flops,0.003896
flora,1.0
floss,1.0
flour,1.0
flout,1.0
flown,1.0
flows,0.003896
flowy,0.958457
fluff,1.0
fluid,1.0
fluke,1.0
fluky,0.987442
flume,0.926242
flung,1.0
flunk,1.0
flush,1.0
flute,1.0
flyby,0.990702
flyer,1.0
foals,0.003896
foamy,1.0
focal,1.0
focus,1.0
fogey,0.902458
foggy,1.0
foist,0.995942
folds,0.003896
folic,0.987324
folio,0.974064
folks,0.003896
folky,1.0
folly,1.0
foods,0.003896
fools,0.003896
foray,1.0
force,1.0
fords,0.003896
forge,1.0
forgo,1.0
forks,0.003896
forms,0.003896
forte,1.0
forth,1.0
forts,0.003896
forty,1.0
forum,1.0
fouls,0.003896
found,1.0
fount,0.995693
fours,0.003896
fowls,0.003896
foxes,0.003896
foyer,1.0
frack,0.922373
frail,1.0
frame,1.0
franc,1.0
frank,1.0
fraud,1.0
freak,1.0
freed,1.0
freer,1.0
frees,0.003896
fresh,1.0
frets,0.003896
friar,0.994639
fried,1.0
fries,0.003896
frill,0.979137
frise,0.959403
frisk,1.0
fritz,0.9725
frizz,0.964843
frock,1.0
frogs,0.003896
frond,0.961632
front,1.0
frosh,0.750523
frost,1.0
froth,1.0
frown,1.0
froze,1.0
fruit,1.0
frump,0.902458
fryer,1.0
fucks,0.003896
fudge,1.0
fudgy,0.980266
fuels,0.003896
fugal,0.953185
fugue,1.0
fully,1.0
fumed,0.003896
fumes,0.003896
funds,0.003896
fungi,1.0
fungo,0.937924
funky,1.0
funny,1.0
furor,1.0
furry,1.0
fused,0.003896
fuses,0.003896
fussy,1.0
fusty,1.0
futon,1.0
fuzzy,1.0
gabby,0.965948
gable,0.983121
gaffe,1.0
gaily,0.994147
gains,0.003896
gales,0.003896
galls,0.003896
gamed,0.003896
gamer,1.0
games,0.003896
gamey,0.95078
gamma,0.998799
gamut,1.0
gangs,0.003896
ganja,0.003896
gaped,0.003896
garbo,0.003896
garde,0.003896
garth,0.003896
gases,0.003896
gasps,0.003896
gassy,0.971104
gated,1.0
gates,0.003896
gator,1.0
gaudy,1.0
gauge,1.0
gaunt,1.0
gauss,0.003896
gauze,1.0
gauzy,1.0
gavel,1.0
gawky,1.0
gayer,0.924991
gayly,0.047658
gazed,0.003896
gazer,0.877061
gazes,0.003896
gears,0.003896
gecko,0.982809
geeks,0.003896
geeky,1.0
geese,1.0
gemma,0.003896
genes,0.003896
genie,1.0
genoa,0.003896
genre,1.0
gents,0.003896
genus,1.0
geode,0.927457
germs,0.003896
germy,0.902458
getup,0.952006
ghost,1.0
ghoul,0.976654
giant,1.0
gibed,0.003896
giddy,1.0
gifts,0.003896
gills,0.003896
gilly,0.003896
gimme,0.99187
ginny,0.003896
gipsy,0.003896
girls,0.003896
girly,1.0
girth,1.0
given,1.0
giver,1.0
gives,0.003896
gizmo,1.0
glace,0.950148
glade,0.983729
glamp,0.057262
gland,1.0
glare,1.0
glass,1.0
glaze,1.0
gleam,1.0
glean,1.0
glide,1.0
glint,1.0
glitz,1.0
gloam,0.047658
gloat,1.0
globe,1.0
gloom,1.0
gloop,0.823057
glory,1.0
gloss,1.0
glove,1.0
glows,0.003896
glowy,0.935071
glued,0.003896
gluey,0.982809
glute,0.840468
glyph,0.913444
gnarl,0.801422
gnash,0.947486
gnome,1.0
goals,0.003896
goats,0.003896
godly,0.996999
gofer,0.98265
going,1.0
golds,0.003896
golem,0.955942
golly,0.991073
gomer,0.003896
gonad,0.721877
goner,0.985695
gongs,0.003896
gonna,1.0
gonzo,1.0
goods,0.003896
goody,1.0
gooey,1.0
goofy,1.0
goons,0.003896
goopy,0.974804
goose,1.0
gored,0.003896
gorge,1.0
gorse,0.943819
goths,0.003896
gotta,1.0
gouge,0.999079
gourd,0.998315
gowns,0.003896
grabs,0.003896
grace,1.0
grade,1.0
graft,1.0
grail,1.0
grain,1.0
grams,0.003896
grand,1.0
grant,1.0
grape,1.0
graph,1.0
grasp,1.0
grass,1.0
grata,0.003896
grate,1.0
grave,1.0
gravy,1.0
graze,1.0
great,1.0
greed,1.0
greek,0.003896
green,1.0
greet,1.0
grids,0.003896
grief,1.0
griff,0.003896
grift,0.971391
grill,1.0
grime,1.0
grimy,1.0
grind,1.0
grins,0.003896
gripe,1.0
grips,0.003896
grist,1.0
grits,0.003896
groan,1.0
groin,0.968475
groom,1.0
grope,1.0
gross,1.0
group,1.0
grout,0.987324
grove,1.0
growl,1.0
grown,1.0
grows,0.003896
grubs,0.003896
gruel,0.994844
gruff,1.0
grump,0.967685
grunt,1.0
guano,0.977936
guard,1.0
guava,1.0
guess,1.0
guest,1.0
guide,1.0
guild,1.0
guile,1.0
guilt,1.0
guise,1.0
gulag,1.0
gulch,0.940571
gulls,0.003896
gully,0.989322
gumbo,1.0
gummy,1.0
gunky,0.885892
guppy,0.924991
gushy,0.982809
gussy,0.963686
gusto,1.0
gusts,0.003896
gusty,1.0
gutsy,1.0
gutty,0.926242
gypsy,0.003896
habit,1.0
hacks,0.003896
hacky,0.947486
hades,0.003896
hadst,0.003896
haiku,1.0
hails,0.003896
hairs,0.003896
hairy,1.0
hakim,0.003896
halal,1.0
hales,0.003896
hallo,0.003896
halls,0.003896
halve,1.0
hammy,0.999528
hamza,0.003896
hands,0.003896
handy,1.0
hangs,0.003896
hanks,0.003896
hanky,0.911774
happy,1.0
hardy,1.0
harem,1.0
hares,0.003896
harms,0.003896
harps,0.003896
harpy,0.961632
harry,0.885892
harsh,1.0
harts,0.003896
hasta,0.003896
haste,1.0
hasty,1.0
hatch,1.0
hated,0.003896
hater,1.0
hates,0.003896
hauls,0.003896
haunt,1.0
haute,1.0
haven,1.0
haves,0.003896
havoc,1.0
hawks,0.003896
hazed,0.003896
hazel,1.0
heads,0.003896
heady,1.0
heals,0.003896
heaps,0.003896
heard,1.0
hears,0.003896
heart,1.0
heath,1.0
heats,0.003896
heave,1.0
heavy,1.0
hecht,0.003896
hedge,1.0
heels,0.003896
hefty,1.0
heirs,0.003896
heist,1.0
helix,0.998608
hello,1.0
hells,0.003896
helms,0.003896
helps,0.003896
hence,1.0
henna,0.99187
henny,0.003896
henry,0.003896
herbs,0.003896
herby,0.003896
herds,0.003896
heres,0.003896
heron,1.0
hertz,0.962884
hewed,0.003896
hexed,0.003896
hicks,0.003896
hider,0.783797
hides,0.003896
highs,0.003896
hijab,1.0
hiked,0.003896
hiker,1.0
hikes,0.003896
hills,0.003896
hilly,1.0
hilts,0.003896
hinge,1.0
hinky,0.816387
hints,0.003896
hippo,1.0
hippy,0.958457
hired,0.003896
hirer,0.704872
hires,0.003896
hissy,0.986841
hitch,1.0
hived,0.003896
hives,0.003896
hoard,1.0
hoary,1.0
hobby,1.0
hocus,0.76271
hogan,0.003896
hoist,1.0
hokey,1.0
hokum,0.996246
holds,0.003896
holed,0.003896
holes,0.003896
holey,0.936046
holla,0.003896
holly,0.998846
homed,0.003896
homer,1.0
homes,0.003896
homey,1.0
homie,0.003896
homme,0.003896
homos,0.003896
honda,0.003896
honed,0.003896
honey,1.0
honks,0.003896
honky,0.003896
honor,1.0
hooch,0.976207
hoods,0.003896
hoody,0.76271
hooey,0.982966
hoofs,0.003896
hooks,0.003896
hooky,1.0
hoops,0.003896
hoped,0.003896
hopes,0.003896
hoppy,0.96992
horde,1.0
horns,0.003896
horny,0.998463
horse,1.0
horst,0.003896
hosed,0.003896
hoses,0.003896
hosts,0.003896
hotel,1.0
hotly,1.0
hound,1.0
hours,0.003896
house,1.0
hovel,0.985293
hover,1.0
howdy,0.931985
howls,0.003896
hoyle,0.003896
hubby,0.976874
huffy,0.972769
huggy,0.908252
hulky,0.750523
hulls,0.003896
human,1.0
humid,1.0
humor,1.0
humph,0.057262
humps,0.003896
humus,0.926242
hunch,1.0
hunks,0.003896
hunky,1.0
hunts,0.003896
hurry,1.0
hurst,0.003896
hurts,0.003896
husks,0.003896
husky,1.0
hussy,0.924991
hutch,0.980804
hydra,0.969303
hydro,0.990127
hyena,1.0
hymen,0.940571
hymns,0.003896
hyped,0.003896
hyper,1.0
icier,0.921002
icily,0.990029
icing,1.0
icons,0.003896
ideal,1.0
ideas,0.003896
idiom,1.0
idiot,1.0
idled,0.003896
idler,0.911774
idols,0.003896
idyll,1.0
igloo,0.993408
iliac,0.638004
image,1.0
imbed,0.003896
imbue,1.0
impel,0.985293
imply,1.0
inane,1.0
inapt,0.966306
inbox,1.0
incel,0.935071
incur,1.0
index,1.0
india,0.003896
indie,1.0
inept,1.0
inert,1.0
infer,1.0
ingot,0.908252
inked,0.003896
inlay,0.99187
inlet,1.0
inner,1.0
innit,0.003896
input,1.0
inset,1.0
intel,1.0
inter,0.988357
intro,1.0
inure,0.929785
ionic,0.898205
irate,1.0
irked,0.003896
irons,0.003896
irony,1.0
isles,0.003896
islet,0.985157
issue,1.0
itchy,1.0
items,0.003896
ivied,0.870413
ivory,1.0
jacks,0.003896
jacky,0.003896
jaded,1.0
jails,0.003896
james,0.003896
jammy,0.99944
janky,0.913444
japan,0.003896
jaunt,1.0
jawed,0.003896
jazzy,1.0
jeans,0.003896
jeeps,0.003896
jeers,0.003896
jello,0.003896
jelly,1.0
jenny,0.003896
jerks,0.003896
jerky,1.0
jerry,0.003896
jesse,0.003896
jesus,0.003896
jetty,0.996715
jewel,1.0
jibed,0.003896
jiffy,1.0
jiggy,0.003896
jihad,0.003896
jimmy,0.895947
jinks,0.003896
jocko,0.003896
jocks,0.003896
johns,0.003896
joins,0.003896
joint,1.0
joist,0.880145
joked,0.003896
joker,1.0
jokes,0.003896
jokey,1.0
jolly,1.0
jones,0.003896
joule,0.736992
joust,0.993484
jowly,0.985957
judas,0.003896
judge,1.0
judgy,0.854802
juice,1.0
juicy,1.0
juked,0.003896
julep,0.98098
jumbo,1.0
jumps,0.003896
jumpy,1.0
junks,0.003896
junky,0.989218
junta,1.0
junto,0.845544
juror,1.0
kabob,0.850312
kanji,0.003896
kappa,0.829263
kaput,0.986086
karat,0.893593
karma,1.0
kayak,1.0
kazoo,0.979521
kebab,1.0
keels,0.003896
keeps,0.003896
kefir,0.943035
kelly,0.003896
kempt,0.900374
kerry,0.003896
keyed,0.003896
khaki,1.0
kicks,0.003896
kiddo,0.967006
kiddy,0.003896
kills,0.003896
kilos,0.003896
kinda,1.0
kinds,0.003896
kings,0.003896
kinks,0.003896
kinky,1.0
kiosk,1.0
kirby,0.003896
kissy,0.911774
kites,0.003896
kitty,1.0
klutz,0.966306
knack,1.0
knave,0.923702
knead,1.0
kneed,0.003896
kneel,1.0
knees,0.003896
knell,1.0
knelt,1.0
knick,0.003896
knife,1.0
knish,0.967685
knits,0.003896
knobs,0.003896
knock,1.0
knoll,1.0
knots,0.003896
known,1.0
knows,0.003896
koala,1.0
kooky,1.0
koran,0.003896
kraft,0.003896
kraut,0.003896
krill,0.982809
krone,0.951399
kudos,1.0
kudzu,0.990029
kugel,0.985428
kvell,0.870413
kylie,0.003896
kyrie,0.003896
label,1.0
labor,1.0
laced,0.003896
laces,0.003896
lacey,0.885892
lacks,0.003896
laden,1.0
ladle,1.0
lager,1.0
laird,0.003896
laity,1.0
lakes,0.003896
lambs,0.003896
lamed,0.003896
lamer,0.866823
lamps,0.003896
lance,1.0
lands,0.003896
lanes,0.003896
lanky,1.0
lapel,1.0
lapse,1.0
larch,0.965948
large,1.0
largo,0.003896
larks,0.003896
larva,0.978942
laser,1.0
lasso,1.0
lasts,0.003896
latch,1.0
later,1.0
latex,1.0
lathe,0.988686
latke,0.970222
latte,1.0
laude,0.003896
laugh,1.0
laura,0.003896
laved,0.003896
laver,0.003896
lawns,0.003896
layer,1.0
layup,1.0
lazar,0.003896
lazed,0.003896
leach,0.999261
leads,0.003896
leafy,1.0
leaks,0.003896
leaky,1.0
leans,0.003896
leant,0.816387
leaps,0.003896
leapt,1.0
learn,1.0
leary,0.003896
lease,1.0
leash,1.0
least,1.0
leave,1.0
ledge,1.0
leech,0.980266
leery,1.0
lefts,0.003896
lefty,1.0
legal,1.0
leggy,1.0
legit,1.0
lemma,0.052968
lemon,1.0
lemur,0.971391
lends,0.003896
leone,0.003896
leper,0.987676
letup,0.991784
levee,1.0
level,1.0
lever,1.0
levin,0.003896
lewis,0.003896
lexis,0.060813
liang,0.003896
liars,0.003896
libel,1.0
libra,0.003896
libre,0.003896
licit,0.951399
licks,0.003896
liege,0.880145
lifer,1.0
lifts,0.003896
light,1.0
liked,0.003896
liken,1.0
likes,0.003896
lilac,1.0
limbo,1.0
limbs,0.003896
limes,0.003896
limey,0.003896
limit,1.0
lindy,0.003896
lined,0.003896
linen,1.0
liner,1.0
lines,0.003896
lingo,1.0
links,0.003896
lions,0.003896
lipid,0.982166
lippy,0.900374
lists,0.003896
liter,0.983731
lithe,1.0
litre,0.473663
lived,0.003896
liven,1.0
liver,1.0
lives,0.003896
livid,1.0
llama,1.0
loads,0.003896
loamy,0.982329
loans,0.003896
loath,1.0
lobby,1.0
lobed,0.003896
lobes,0.003896
local,1.0
locks,0.003896
locus,1.0
lodge,1.0
loess,0.850312
lofty,1.0
logan,0.003896
logic,1.0
login,1.0
logon,0.823057
logos,0.003896
lohan,0.003896
loins,0.003896
lolly,0.750523
loner,1.0
longs,0.003896
looks,0.003896
looky,0.003896
looms,0.003896
loons,0.003896
loony,1.0
loops,0.003896
loopy,1.0
loose,1.0
loped,0.003896
lords,0.003896
lordy,0.835053
loris,0.859036
lorry,0.924991
loser,1.0
loses,0.003896
lotto,0.962473
lotus,1.0
louie,0.003896
louis,0.003896
loupe,0.944585
louse,0.970222
lousy,1.0
loved,0.003896
lover,1.0
loves,0.003896
lovey,0.003896
lower,1.0
lowly,1.0
lowry,0.003896
loyal,1.0
lubed,0.003896
lucid,1.0
lucky,1.0
lucre,0.992458
luger,0.958457
lulls,0.003896
lumen,0.792985
lumps,0.003896
lumpy,1.0
lunar,1.0
lunch,1.0
lunge,1.0
lungs,0.003896
lupus,1.0
lurch,1.0
lured,0.003896
lures,0.003896
lurid,1.0
lurks,0.003896
lusts,0.003896
lusty,1.0
luted,0.003896
lying,1.0
lymph,1.0
lynch,0.003896
lyric,1.0
macaw,0.976432
macho,1.0
macro,1.0
madam,1.0
madge,0.003896
madly,1.0
madre,0.003896
mafia,1.0
magic,1.0
magma,0.992622
magna,0.003896
mahal,0.003896
maids,0.003896
mails,0.003896
mains,0.003896
maize,1.0
major,1.0
maker,1.0
makes,0.003896
males,0.003896
malic,0.863037
malik,0.003896
malls,0.003896
malty,0.968018
mamas,0.003896
mamba,0.877061
mambo,1.0
mamie,0.003896
mamma,0.929785
mammy,0.003896
manet,0.003896
manga,1.0
mange,0.926242
mango,1.0
mangy,0.983729
mania,1.0
manic,1.0
manly,1.0
manna,0.993783
manny,0.003896
manor,1.0
manse,0.995178
manta,0.003896
maple,1.0
march,1.0
mares,0.003896
marge,0.003896
maria,0.003896
marks,0.003896
marry,1.0
marsh,1.0
masha,0.003896
masks,0.003896
mason,1.0
massa,0.003896
masse,1.0
masts,0.003896
match,1.0
mated,0.003896
mater,0.003896
mates,0.003896
matey,0.885892
maths,0.003896
matte,1.0
matzo,1.0
mauve,1.0
maven,1.0
mavis,0.003896
maxed,0.003896
maxim,1.0
mayan,0.003896
maybe,1.0
mayor,1.0
mazel,0.003896
mazes,0.003896
meads,0.003896
meals,0.003896
mealy,0.98993
means,0.003896
meant,1.0
meats,0.003896
meaty,1.0
mecca,1.0
medal,1.0
media,1.0
medic,1.0
meets,0.003896
melee,1.0
melon,1.0
melts,0.003896
melty,0.95078
memos,0.003896
mensa,0.003896
menus,0.003896
merch,0.996541
mercy,1.0
merge,1.0
merit,1.0
merle,0.003896
merry,1.0
meshy,0.040901
messy,1.0
metal,1.0
meted,0.003896
meter,1.0
metre,0.628064
metro,1.0
mewed,0.003896
mezzo,1.0
micky,0.003896
micro,1.0
midge,0.904462
midst,1.0
might,1.0
miked,0.003896
mikes,0.003896
miler,0.975283
miles,0.003896
milky,1.0
mille,0.003896
mills,0.003896
milly,0.003896
mimed,0.003896
mimic,1.0
minas,0.003896
mince,1.0
minds,0.003896
mined,0.003896
miner,1.0
mines,0.003896
minim,0.047658
minor,1.0
mints,0.003896
minty,1.0
minus,1.0
mired,0.003896
mirin,0.984882
mirth,1.0
miser,0.97052
missy,0.792985
mists,0.003896
misty,1.0
mitch,0.003896
miter,0.972769
mites,0.003896
mitre,0.003896
mitts,0.003896
mixed,0.003896
mixer,1.0
mixes,0.003896
mixup,0.93971
moans,0.003896
moats,0.003896
mocha,1.0
mochi,0.984601
mocks,0.003896
modal,1.0
model,1.0
modem,1.0
modes,0.003896
modus,1.0
mogul,1.0
moira,0.003896
moist,1.0
molar,1.0
molds,0.003896
moldy,1.0
moles,0.003896
molly,0.922373
momma,0.980082
mommy,1.0
monde,0.003896
mondo,0.003896
money,1.0
mongo,0.003896
monks,0.003896
monte,0.003896
month,1.0
mooch,0.944585
moods,0.003896
moody,1.0
mooed,0.003896
moons,0.003896
moony,0.977728
moors,0.003896
moose,1.0
moped,1.0
moper,0.736992
mopey,0.995438
moral,1.0
moray,0.946067
morel,0.980266
moron,1.0
morph,1.0
morse,0.003896
moses,0.003896
mosey,0.964843
mossy,1.0
motel,1.0
moths,0.003896
motif,1.0
motor,1.0
motto,1.0
mould,0.911774
moult,0.019839
mound,1.0
mount,1.0
mourn,1.0
mouse,1.0
mousy,0.996424
mouth,1.0
moved,0.003896
mover,1.0
moves,0.003896
movie,1.0
mowed,0.003896
mower,1.0
moxie,1.0
mucky,0.980804
mucus,1.0
muddy,1.0
muggy,1.0
mulch,1.0
mules,0.003896
mumbo,0.003896
mummy,1.0
mumps,0.003896
munch,1.0
mural,1.0
murky,1.0
mused,0.003896
muses,0.003896
mushy,1.0
music,1.0
musky,1.0
musty,1.0
muted,0.003896
mutes,0.003896
mutts,0.003896
myrrh,0.957478
myths,0.003896
nabob,0.835053
nacho,0.968018
nadir,1.0
naggy,0.638004
nails,0.003896
naive,1.0
naked,1.0
named,0.003896
names,0.003896
nance,0.003896
nancy,0.003896
nanny,1.0
nappy,0.944585
nasal,1.0
nasty,1.0
natal,0.97052
natty,1.0
naval,1.0
navel,1.0
nazis,0.003896
neath,0.003896
necks,0.003896
neddy,0.003896
needs,0.003896
needy,1.0
negro,0.003896
neigh,0.870413
nelly,0.003896
nerds,0.003896
nerdy,1.0
nerve,1.0
nervy,1.0
nests,0.003896
never,1.0
newer,1.0
newly,1.0
newsy,0.988794
nexus,1.0
nicer,1.0
niche,1.0
nicht,0.003896
nicks,0.003896
nicky,0.003896
niece,1.0
nifty,1.0
nigga,0.003896
night,1.0
nines,0.003896
ninja,1.0
ninny,0.958457
ninth,1.0
nippy,0.977091
nitro,0.911774
nixed,0.003896
noble,1.0
nobly,1.0
nodal,0.854802
nodes,0.003896
noise,1.0
noisy,1.0
nomad,1.0
nooks,0.003896
noose,1.0
norma,0.003896
norms,0.003896
north,1.0
nosed,0.003896
noses,0.003896
nosey,0.829263
notch,1.0
noted,0.003896
notes,0.003896
nouns,0.003896
novel,1.0
nudes,0.003896
nudge,1.0
nudie,0.003896
nuked,0.003896
nukes,0.003896
nurse,1.0
nutso,0.918127
nutty,1.0
nylon,1.0
nymph,1.0
oaken,0.93971
oared,0.003896
oasis,1.0
oaths,0.003896
obese,1.0
obeys,0.003896
occur,1.0
ocean,1.0
ocher,1.0
ochre,0.988357
octal,0.047658
octet,0.992041
odder,1.0
oddly,1.0
odors,0.003896
odour,0.003896
offal,0.998608
offed,0.003896
offer,1.0
often,1.0
ogled,0.003896
ogler,0.685589
ogres,0.003896
oiled,0.003896
oiler,0.883085
okapi,0.870413
olden,0.995244
older,1.0
oldie,0.989425
olive,1.0
ombre,0.990513
omega,0.977728
omens,0.003896
omnes,0.003896
onion,1.0
onset,1.0
oomph,1.0
oozed,0.003896
oozes,0.003896
opens,0.003896
opera,1.0
opine,1.0
opium,1.0
opted,0.003896
optic,1.0
orate,0.877061
orbed,0.003896
orbit,1.0
order,1.0
organ,1.0
oscar,0.003896
other,1.0
otter,1.0
ought,1.0
ouija,0.721877
ounce,1.0
outdo,1.0
outed,0.003896
outer,1.0
outgo,0.76271
outre,1.0
outta,0.003896
ovary,0.989007
ovate,0.638004
ovens,0.003896
overs,0.003896
overt,1.0
ovine,0.873821
ovoid,0.98098
owing,1.0
owned,0.003896
owner,1.0
oxbow,0.888573
oxide,1.0
ozone,1.0
paced,0.003896
pacer,0.926242
paces,0.003896
packs,0.003896
paddy,0.999261
padre,0.908252
paean,1.0
pagan,1.0
paged,0.003896
pager,1.0
pages,0.003896
pails,0.003896
pains,0.003896
paint,1.0
pairs,0.003896
paled,0.003896
paler,0.996886
pales,0.003896
pally,0.003896
palms,0.003896
palsy,1.0
panda,1.0
panel,1.0
pangs,0.003896
panic,1.0
panko,0.993254
pansy,0.961201
pants,0.003896
panty,0.97456
paolo,0.003896
papal,1.0
papas,0.003896
paper,1.0
pappy,0.003896
parch,0.809197
pared,0.003896
parer,0.721877
paris,0.003896
parka,1.0
parks,0.003896
parle,0.003896
parma,0.003896
parry,1.0
parse,1.0
parte,0.003896
parts,0.003896
party,1.0
pasha,0.003896
passe,1.0
pasta,1.0
paste,1.0
pasty,1.0
patch,1.0
patel,0.003896
paths,0.003896
patio,1.0
patsy,0.988794
patty,1.0
pause,1.0
paved,0.003896
paver,0.922373
paves,0.003896
pawed,0.003896
pawns,0.003896
payed,0.003896
payee,0.895947
payer,1.0
peace,1.0
peach,1.0
peaks,0.003896
pearl,1.0
pears,0.003896
peaty,0.947486
pecan,1.0
pecks,0.003896
pedal,1.0
pedro,0.003896
peels,0.003896
peeps,0.003896
peers,0.003896
peeve,0.995374
peggy,0.003896
pelts,0.003896
penal,1.0
pence,1.0
penis,0.003896
penne,1.0
penny,1.0
peony,0.98993
peppy,1.0
pepsi,0.003896
perch,1.0
peres,0.003896
peril,1.0
perks,0.003896
perky,1.0
perry,0.003896
pesky,1.0
pesos,0.003896
pesto,1.0
pests,0.003896
petal,1.0
peter,0.998799
petit,1.0
petri,1.0
petty,1.0
phage,0.859036
phase,1.0
phish,0.845544
phone,1.0
phony,1.0
photo,1.0
piano,1.0
picks,0.003896
picky,1.0
piece,1.0
piers,0.003896
piety,1.0
piggy,1.0
piked,0.003896
piker,0.904462
pikes,0.003896
pilaf,0.997912
pilar,0.003896
piled,0.003896
piles,0.003896
pills,0.003896
pilot,1.0
pimps,0.003896
pinch,1.0
pined,0.003896
pines,0.003896
piney,0.99161
pings,0.003896
pinks,0.003896
pinky,0.994219
pinot,1.0
pinto,0.986342
pints,0.003896
pinup,1.0
pious,1.0
piped,0.003896
piper,0.998216
pipes,0.003896
pipet,0.031973
pique,1.0
piste,0.936046
pitch,1.0
pithy,1.0
pivot,1.0
pixel,1.0
pixie,1.0
pizza,1.0
place,1.0
plaid,1.0
plain,1.0
plait,0.953185
plane,1.0
plank,1.0
plans,0.003896
plant,1.0
plasm,0.685589
plate,1.0
playa,0.936046
plays,0.003896
plaza,1.0
plead,1.0
pleas,0.003896
pleat,0.968989
plebe,0.934069
plied,0.003896
plier,0.040901
plies,0.003896
plink,0.955411
plonk,0.966306
plots,0.003896
pluck,1.0
plugs,0.003896
plumb,1.0
plume,1.0
plump,1.0
plums,0.003896
plunk,1.0
plush,1.0
pluto,0.003896
poach,1.0
poems,0.003896
poesy,0.859036
poets,0.003896
point,1.0
poise,1.0
poked,0.003896
poker,1.0
pokes,0.003896
pokey,0.985827
polar,1.0
poled,0.003896
poles,0.003896
polio,1.0
polis,0.936046
polka,1.0
polls,0.003896
polly,0.003896
polyp,0.969614
ponce,0.003896
ponds,0.003896
pongo,0.003896
pooch,0.999702
poofy,0.958934
pools,0.003896
poops,0.003896
popes,0.003896
poppa,0.003896
poppy,1.0
popup,0.957972
porch,1.0
pored,0.003896
pores,0.003896
porgy,0.964463
porky,0.97971
porno,0.003896
porte,0.003896
ports,0.003896
posed,0.003896
poser,0.942233
poses,0.003896
posey,0.003896
posit,1.0
posse,1.0
posts,0.003896
potty,1.0
pouch,1.0
pound,1.0
pours,0.003896
pouty,0.997545
power,1.0
prank,1.0
prate,0.060813
prawn,0.994075
prays,0.003896
preen,0.999395
press,1.0
preys,0.003896
price,1.0
prick,0.90808
pricy,0.928638
pride,1.0
pried,1.0
prima,1.0
prime,1.0
primo,0.975518
primp,0.945334
print,1.0
prion,0.957478
prior,1.0
prise,0.891137
prism,1.0
prius,0.003896
privy,1.0
prize,1.0
probe,1.0
prole,0.823057
promo,1.0
prone,1.0
prong,1.0
proof,1.0
props,0.003896
prose,1.0
proud,1.0
prove,1.0
prowl,1.0
proxy,1.0
prude,1.0
prune,1.0
psalm,1.0
pshaw,0.704872
psych,0.998414
pubes,0.003896
pubic,1.0
pudge,0.829263
pudgy,1.0
puffs,0.003896
puffy,1.0
puked,0.003896
pulls,0.003896
pulpy,1.0
pulse,1.0
pumps,0.003896
punch,1.0
punks,0.003896
punky,0.999528
punny,0.982329
pupae,0.936046
pupil,1.0
puppy,1.0
purdy,0.003896
puree,1.0
purer,1.0
purge,1.0
purse,1.0
purty,0.003896
pushy,1.0
pussy,0.003896
putty,0.998656
pygmy,0.99457
pylon,0.985827
quack,1.0
quads,0.003896
quaff,0.9725
quail,1.0
quake,1.0
qualm,0.959403
quant,0.973811
quark,0.968346
quart,1.0
quash,1.0
quasi,1.0
queen,1.0
queer,1.0
quell,1.0
query,1.0
queso,1.0
quest,1.0
queue,1.0
quick,1.0
quiet,1.0
quill,1.0
quilt,1.0
quint,0.003896
quirk,1.0
quite,1.0
quits,0.003896
quota,1.0
quote,1.0
quoth,0.850312
quran,0.007252
rabbi,1.0
rabid,1.0
raced,0.003896
racer,1.0
races,0.003896
racks,0.003896
radar,1.0
radii,0.829263
radio,1.0
radon,0.965217
rafts,0.003896
raged,0.003896
rager,0.928638
rages,0.003896
raids,0.003896
rails,0.003896
rains,0.003896
rainy,1.0
raise,1.0
rajah,0.883085
raked,0.003896
rakes,0.003896
rally,1.0
ralph,0.060813
ramen,1.0
ramon,0.003896
ramps,0.003896
rance,0.003896
ranch,1.0
randy,1.0
range,1.0
rangy,1.0
ranks,0.003896
rants,0.003896
raped,0.003896
rapes,0.003896
rapid,1.0
rarer,1.0
raspy,1.0
rated,0.003896
rater,0.880145
rates,0.003896
ratio,1.0
ratty,1.0
raved,0.003896
ravel,0.638004
raven,1.0
raver,0.908252
rayon,0.983275
razed,0.003896
razor,1.0
reach,1.0
react,1.0
reads,0.003896
ready,1.0
realm,1.0
reals,0.003896
reaps,0.003896
rearm,0.985957
rears,0.003896
rebar,0.997598
rebel,1.0
rebid,0.976207
rebus,0.990796
rebut,1.0
rebuy,0.057262
recap,1.0
recon,0.936997
recur,1.0
recut,0.983275
reddy,0.003896
redid,0.998315
redub,0.052968
redux,1.0
reeds,0.003896
reedy,1.0
reefs,0.003896
reeks,0.003896
reels,0.003896
refer,1.0
refit,0.977306
refry,0.047658
regal,1.0
rehab,1.0
reify,0.900374
reign,1.0
reiki,0.967006
reins,0.003896
relax,1.0
relay,1.0
relic,1.0
relit,0.859036
remap,0.923702
remit,0.996185
remix,1.0
renal,1.0
renew,1.0
rents,0.003896
repay,1.0
repel,1.0
reply,1.0
repot,0.885892
reran,0.911774
rerun,1.0
resaw,0.031973
reset,1.0
resin,1.0
rests,0.003896
retag,0.031973
retch,0.927457
retie,0.829263
retro,1.0
retry,1.0
reuse,1.0
revel,1.0
revue,1.0
rheum,0.060813
rhine,0.003896
rhino,1.0
rhyme,1.0
riche,0.003896
ricin,0.990029
rider,1.0
rides,0.003896
ridge,1.0
riffs,0.003896
rifle,1.0
rifts,0.003896
right,1.0
rigid,1.0
rigor,1.0
riled,0.003896
riley,0.003896
rinds,0.003896
rings,0.003896
rinse,1.0
riots,0.003896
ripen,1.0
riper,0.981498
risen,1.0
riser,1.0
rises,0.003896
risks,0.003896
risky,1.0
rites,0.003896
ritzy,0.99894
rival,1.0
riven,1.0
river,1.0
rivet,0.984459
roach,1.0
roads,0.003896
roams,0.003896
roars,0.003896
roast,1.0
robed,0.003896
robes,0.003896
robin,1.0
robot,1.0
roche,0.003896
rocks,0.003896
rocky,1.0
rodeo,1.0
roger,0.057262
rogue,1.0
rohan,0.003896
roles,0.003896
rolls,0.003896
roman,0.993857
romeo,0.003896
roofs,0.003896
rooks,0.003896
rooms,0.003896
roomy,1.0
roost,1.0
roots,0.003896
roped,0.003896
roper,0.859036
ropes,0.003896
roque,0.003896
roses,0.003896
rosin,0.964077
rotor,0.994708
rouen,0.003896
rouge,0.997598
rough,1.0
round,1.0
rouse,1.0
roust,0.959403
route,1.0
roved,0.003896
rover,1.0
rowan,0.003896
rowdy,1.0
rowed,0.003896
rower,0.994003
royal,1.0
rubin,0.003896
ruble,1.0
ruddy,1.0
ruder,0.951399
rufus,0.003896
rugby,1.0
ruing,0.967685
ruins,0.003896
ruled,0.003896
ruler,1.0
rules,0.003896
rumba,1.0
rummy,0.983121
rumor,1.0
runes,0.003896
runny,1.0
runup,0.97971
rupee,1.0
rural,1.0
rusty,1.0
saber,0.974285
sable,1.0
sabre,0.727101
sacks,0.003896
sacre,0.003896
sadly,1.0
safer,1.0
safes,0.003896
saggy,0.989218
sahib,0.003896
sails,0.003896
saint,1.0
saith,0.003896
sakes,0.003896
salad,1.0
sales,0.003896
salle,0.003896
sally,0.972769
salon,1.0
salsa,1.0
salts,0.003896
salty,1.0
salud,0.003896
salve,1.0
salvo,1.0
samba,1.0
sambo,0.003896
samey,0.773749
sammy,0.003896
sands,0.003896
sandy,1.0
saner,0.996773
sappy,1.0
sarge,0.003896
sarin,0.003896
sassy,1.0
satay,0.991073
sated,0.003896
satin,1.0
satyr,0.980804
sauce,1.0
saucy,1.0
sauna,1.0
saute,1.0
saved,0.003896
saver,1.0
saves,0.003896
savin,0.003896
savor,1.0
savoy,0.955942
savvy,1.0
sawed,0.003896
sayer,0.003896
sayid,0.003896
scabs,0.003896
scala,0.003896
scald,0.946784
scale,1.0
scalp,1.0
scaly,1.0
scamp,0.97575
scams,0.003896
scans,0.003896
scant,1.0
scape,0.933041
scare,1.0
scarf,1.0
scarp,0.816387
scars,0.003896
scary,1.0
scene,1.0
scent,1.0
schwa,0.750523
scion,1.0
scoff,1.0
scold,1.0
scone,1.0
scoop,1.0
scoot,0.999351
scope,1.0
score,1.0
scorn,1.0
scots,0.003896
scour,1.0
scout,1.0
scowl,1.0
scram,0.9309
scrap,1.0
scree,0.951399
screw,1.0
scrim,1.0
scrip,0.962056
scrod,0.918127
scrub,1.0
scrum,1.0
scuba,1.0
scuff,0.982001
scull,0.9309
scuse,0.003896
seals,0.003896
seams,0.003896
seamy,1.0
sears,0.003896
seats,0.003896
sects,0.003896
sedan,1.0
seder,0.972228
sedge,0.948172
seeds,0.003896
seedy,1.0
seeks,0.003896
seems,0.003896
seers,0.003896
segue,1.0
seine,0.003896
seize,1.0
selah,0.003896
sells,0.003896
semen,0.003896
sends,0.003896
senor,0.003896
sense,1.0
sepia,1.0
serfs,0.003896
serge,0.003896
serif,0.966658
serra,0.003896
serum,1.0
serve,1.0
setup,1.0
seven,1.0
sever,1.0
sewed,0.003896
sewer,1.0
sexes,0.003896
shack,1.0
shade,1.0
shady,1.0
shaft,1.0
shake,1.0
shaky,1.0
shale,1.0
shall,1.0
shalt,0.998608
shame,1.0
shank,1.0
shape,1.0
shard,1.0
share,1.0
shark,1.0
sharp,1.0
shave,1.0
shawl,1.0
shawn,0.003896
sheaf,1.0
shear,1.0
sheds,0.003896
sheen,1.0
sheep,1.0
sheer,1.0
sheet,1.0
sheik,1.0
shelf,1.0
shell,1.0
sheng,0.003896
shied,1.0
shift,1.0
shill,0.996541
shine,1.0
shins,0.003896
shiny,1.0
ships,0.003896
shire,0.906392
shirk,1.0
shirt,1.0
shish,0.003896
shite,0.003896
shits,0.003896
shiva,0.9966
shlep,0.721877
shoal,0.970814
shock,1.0
shoed,0.003896
shoes,0.003896
shoji,0.003896
shone,1.0
shook,1.0
shoot,1.0
shops,0.003896
shore,1.0
shorn,1.0
short,1.0
shots,0.003896
shout,1.0
shove,1.0
shown,1.0
shows,0.003896
showy,1.0
shred,1.0
shrew,0.98265
shrub,1.0
shrug,1.0
shuck,0.991254
shunt,0.989322
shush,0.981498
shuts,0.003896
shyer,0.946784
shyly,1.0
sicko,0.003896
sided,0.003896
sides,0.003896
sidle,0.991073
siege,1.0
sieve,1.0
sighs,0.003896
sight,1.0
sigma,0.835053
signs,0.003896
sikes,0.003896
silks,0.003896
silky,1.0
sills,0.003896
silly,1.0
silty,0.960762
silva,0.003896
simba,0.003896
since,1.0
sinew,0.991164
singe,0.965948
sings,0.003896
sinks,0.003896
sinus,1.0
sired,0.003896
siren,1.0
sires,0.003896
sissy,0.996541
sitar,0.996305
sited,0.003896
sites,0.003896
situp,0.773749
sixes,0.003896
sixth,1.0
sixty,1.0
sized,0.003896
sizes,0.003896
skate,1.0
skeet,0.984025
skein,1.0
skids,0.003896
skied,0.003896
skier,1.0
skies,0.003896
skiff,0.999788
skill,1.0
skimp,1.0
skins,0.003896
skips,0.003896
skirt,1.0
skulk,0.978942
skull,1.0
skunk,1.0
slabs,0.003896
slack,1.0
slade,0.003896
slain,1.0
slake,0.981668
slams,0.003896
slang,1.0
slant,1.0
slaps,0.003896
slash,1.0
slate,1.0
slats,0.003896
slave,0.003896
slays,0.003896
sleek,1.0
sleep,1.0
sleet,1.0
slept,1.0
slice,1.0
slick,1.0
slide,1.0
slime,1.0
slimy,1.0
sling,1.0
slink,0.998315
slips,0.003896
slits,0.003896
sloan,0.003896
slobs,0.003896
sloop,0.990608
slope,1.0
slosh,0.983121
sloth,1.0
slots,0.003896
slows,0.003896
slugs,0.003896
slump,1.0
slums,0.003896
slung,1.0
slunk,0.993408
slurp,1.0
slurs,0.003896
slush,1.0
sluts,0.003896
slyly,1.0
smack,1.0
small,1.0
smarm,0.940571
smart,1.0
smash,1.0
smear,1.0
smell,1.0
smelt,0.986718
smile,1.0
smirk,1.0
smite,0.959403
smith,0.854802
smock,1.0
smoke,1.0
smoky,1.0
smote,0.891137
smush,0.900374
snack,1.0
snafu,0.988686
snail,1.0
snake,1.0
snaky,0.979137
snaps,0.003896
snare,1.0
snarf,0.721877
snark,1.0
snarl,1.0
sneak,1.0
sneer,1.0
snell,0.003896
snide,1.0
sniff,1.0
snipe,0.990889
snobs,0.003896
snoop,1.0
snoot,0.854802
snore,1.0
snort,1.0
snout,1.0
snows,0.003896
snowy,1.0
snuck,1.0
snuff,1.0
soaks,0.003896
soaps,0.003896
soapy,1.0
soars,0.003896
sober,1.0
socks,0.003896
sodas,0.003896
sodom,0.003896
sofas,0.003896
softy,0.977936
soggy,1.0
soils,0.003896
solar,1.0
soled,0.003896
soles,0.003896
solid,1.0
solos,0.003896
solve,1.0
sonar,1.0
songs,0.003896
sonic,1.0
sonny,0.003896
sooth,0.915058
sooty,1.0
soppy,0.962056
sores,0.003896
sorry,1.0
sorta,0.003896
sorts,0.003896
souls,0.003896
sound,1.0
soups,0.003896
soupy,1.0
south,1.0
sowed,0.003896
sower,0.816387
space,1.0
spade,1.0
spain,0.003896
spake,0.003896
spank,1.0
spans,0.003896
spare,1.0
spark,1.0
spars,0.003896
spasm,1.0
spate,1.0
spats,0.003896
spawn,1.0
speak,1.0
spear,1.0
speck,1.0
specs,0.003896
speed,1.0
spell,1.0
spelt,0.988901
spend,1.0
spent,1.0
sperm,1.0
spice,1.0
spicy,1.0
spied,1.0
spiel,1.0
spies,0.003896
spiff,0.943035
spike,1.0
spiky,1.0
spill,1.0
spilt,0.950148
spine,1.0
spins,0.003896
spiny,0.998608
spire,1.0
spite,1.0
spits,0.003896
splat,0.987324
splay,0.971391
split,1.0
spoil,1.0
spoke,1.0
spoof,1.0
spook,1.0
spool,0.993408
spoon,1.0
spore,1.0
spork,0.916618
sport,1.0
spots,0.003896
spout,1.0
spray,1.0
spree,1.0
sprig,1.0
spuds,0.003896
spume,0.891137
spunk,1.0
spurn,1.0
spurs,0.003896
spurt,1.0
squab,0.996658
squad,1.0
squat,1.0
squaw,0.003896
squib,0.96992
squid,1.0
stabs,0.003896
stack,1.0
staff,1.0
stage,1.0
stagy,0.999528
staid,1.0
stain,1.0
stair,1.0
stake,1.0
stale,1.0
stalk,1.0
stall,1.0
stamp,1.0
stand,1.0
stank,0.989007
staph,0.99254
stare,1.0
stark,1.0
starr,0.003896
stars,0.003896
start,1.0
stash,1.0
state,1.0
stats,0.003896
stave,1.0
stays,0.003896
stead,1.0
steak,1.0
steal,1.0
steam,1.0
steed,0.989629
steel,1.0
steep,1.0
steer,1.0
stein,0.965217
stele,0.963686
stems,0.003896
steno,0.916618
stent,1.0
steps,0.003896
stern,1.0
stick,1.0
stiff,1.0
stile,0.829263
still,1.0
stilt,0.990127
sting,1.0
stink,1.0
stint,1.0
stirs,0.003896
stock,1.0
stoic,1.0
stoke,1.0
stole,1.0
stoma,0.721877
stomp,1.0
stone,1.0
stony,1.0
stood,1.0
stool,1.0
stoop,1.0
stops,0.003896
store,1.0
stork,1.0
storm,1.0
story,1.0
stout,1.0
stove,1.0
strap,1.0
straw,1.0
stray,1.0
strep,1.0
strew,0.940571
strip,1.0
strum,0.995693
strut,1.0
stubs,0.003896
stuck,1.0
studs,0.003896
study,1.0
stuff,1.0
stump,1.0
stung,1.0
stunk,0.99711
stunt,1.0
style,1.0
suave,1.0
sucks,0.003896
sucre,0.003896
sudan,0.003896
sudsy,0.986963
suede,1.0
sugar,1.0
suing,1.0
suite,1.0
suits,0.003896
sulky,0.995374
sully,1.0
sumac,0.998704
sunny,1.0
sunup,0.980266
super,1.0
surat,0.003896
surer,1.0
surge,1.0
surly,1.0
sushi,1.0
sutra,0.003896
swabs,0.003896
swain,0.949503
swale,0.927457
swami,0.959403
swamp,1.0
swang,0.057262
swank,1.0
swans,0.003896
swarm,1.0
swash,0.809197
swath,1.0
sways,0.003896
swear,1.0
sweat,1.0
swede,0.003896
sweep,1.0
sweet,1.0
swell,1.0
swept,1.0
swift,1.0
swill,0.984882
swims,0.003896
swine,1.0
swing,1.0
swipe,1.0
swirl,1.0
swish,1.0
swiss,0.003896
swoon,1.0
swoop,1.0
sword,1.0
swore,1.0
sworn,1.0
swung,1.0
sykes,0.003896
synch,0.984171
synod,0.985428
synth,0.995942
syrup,1.0
tabby,0.989007
table,1.0
taboo,1.0
tabor,0.003896
tacit,1.0
tacks,0.003896
tacky,1.0
tacos,0.003896
taffy,0.997384
tails,0.003896
taint,1.0
taken,1.0
taker,1.0
takes,0.003896
takin,0.003896
tales,0.003896
talks,0.003896
talky,1.0
tally,1.0
talon,1.0
talus,0.850312
tamed,0.003896
tamer,1.0
tammy,0.003896
tango,1.0
tangy,1.0
tania,0.003896
tanks,0.003896
tanna,0.003896
taped,0.003896
taper,1.0
tapes,0.003896
tapir,0.898205
tardy,1.0
tarot,1.0
tarry,0.983579
tarts,0.003896
tased,0.003896
taser,0.885892
tasks,0.003896
taste,1.0
tasty,1.0
tater,0.968346
tatty,0.984315
taunt,1.0
taupe,1.0
tawny,1.0
taxed,0.003896
taxes,0.003896
taxis,0.003896
teach,1.0
teams,0.003896
tears,0.003896
teary,1.0
tease,1.0
teats,0.003896
techs,0.003896
techy,0.937924
teddy,1.0
teens,0.003896
teeny,1.0
teeth,1.0
tells,0.003896
telly,0.003896
telos,0.816387
tempo,1.0
temps,0.003896
tempt,1.0
tends,0.003896
tenet,1.0
tenor,1.0
tense,1.0
tenth,1.0
tents,0.003896
tepee,0.985428
tepid,1.0
terms,0.003896
terra,1.0
terre,0.003896
terry,0.990608
terse,1.0
tesla,0.003896
tests,0.003896
testy,1.0
tetra,0.685589
texas,0.003896
texts,0.003896
thane,0.003896
thank,1.0
theft,1.0
their,1.0
theme,1.0
there,1.0
these,1.0
theta,0.835053
thick,1.0
thief,1.0
thigh,1.0
thine,0.970814
thing,1.0
think,1.0
thins,0.003896
third,1.0
thong,1.0
thorn,1.0
those,1.0
three,1.0
threw,1.0
throb,1.0
throw,1.0
thrum,1.0
thugs,0.003896
thumb,1.0
thump,1.0
thyme,1.0
tiara,1.0
tibia,0.993484
ticks,0.003896
tidal,1.0
tided,0.003896
tides,0.003896
tiers,0.003896
tiger,1.0
tight,1.0
tilde,0.904462
tiled,0.003896
tiles,0.003896
tilly,0.003896
tilts,0.003896
timed,0.003896
timer,1.0
times,0.003896
timid,1.0
timon,0.003896
tinge,1.0
tinny,1.0
tints,0.003896
tippy,0.003896
tipsy,1.0
tired,1.0
tires,0.003896
titan,1.0
titer,0.704872
tithe,0.97575
title,1.0
titty,0.003896
tizzy,0.999745
toads,0.003896
toady,0.958457
toast,1.0
today,1.0
toddy,0.965948
toils,0.003896
token,1.0
tolls,0.003896
tombs,0.003896
tommy,0.003896
tonal,1.0
toned,0.003896
toner,1.0
tones,0.003896
toney,0.783797
tonga,0.031973
tongs,0.003896
tonic,1.0
tools,0.003896
toons,0.003896
tooth,1.0
toots,0.003896
topaz,0.965585
topic,1.0
torah,0.276178
torch,1.0
torso,1.0
torta,0.980266
torte,1.0
torus,0.835053
total,1.0
toted,0.003896
totem,1.0
touch,1.0
tough,1.0
tours,0.003896
towed,0.003896
towel,1.0
tower,1.0
towns,0.003896
toxic,1.0
toxin,1.0
toyed,0.003896
trace,1.0
track,1.0
tract,1.0
trade,1.0
trail,1.0
train,1.0
trait,1.0
tramp,1.0
trans,1.0
traps,0.003896
trash,1.0
trawl,0.996246
trays,0.003896
tread,1.0
treat,1.0
treed,0.003896
trees,0.003896
trend,1.0
tress,0.829263
triad,0.998893
trial,1.0
tribe,1.0
trice,0.873821
trick,1.0
tried,1.0
trier,0.900374
tries,0.003896
trike,0.904462
trill,0.999079
trims,0.003896
trine,0.003896
tripe,1.0
trips,0.003896
trite,1.0
trois,0.003896
troll,1.0
tromp,0.953185
troop,1.0
trope,1.0
troth,0.003896
trots,0.003896
trout,1.0
trove,1.0
truce,1.0
truck,1.0
truer,1.0
truly,1.0
trump,1.0
trunk,1.0
truss,0.999306
trust,1.0
truth,1.0
tryst,1.0
tubal,0.95487
tubby,0.976207
tubed,0.003896
tuber,0.974314
tubes,0.003896
tucks,0.003896
tufts,0.003896
tufty,0.638004
tulip,1.0
tulle,1.0
tummy,1.0
tumor,1.0
tuned,0.003896
tuner,1.0
tunes,0.003896
tunic,1.0
turbo,1.0
turds,0.003896
turks,0.003896
turns,0.003896
tusks,0.003896
tutor,1.0
tutti,0.003896
twain,0.978142
twang,1.0
tweak,1.0
tweed,1.0
tween,1.0
tweet,1.0
twerk,0.929785
twerp,0.941412
twice,1.0
twigs,0.003896
twill,0.993559
twine,1.0
twink,0.003896
twins,0.003896
twirl,1.0
twist,1.0
twixt,0.816387
tying,1.0
tyler,0.003896
typed,0.003896
types,0.003896
tyres,0.003896
udder,0.956975
ulcer,1.0
ulnar,0.991254
ultra,1.0
umami,1.0
umber,0.975518
umbra,0.885892
unarm,0.052968
unbox,0.823057
uncap,0.823057
uncle,1.0
uncut,1.0
under,1.0
undid,1.0
undue,1.0
unfed,0.941412
unfit,1.0
unhip,0.981327
unify,1.0
union,1.0
unite,1.0
units,0.003896
unity,1.0
unjam,0.663523
unlit,0.996125
unmet,1.0
unpin,0.750523
unsay,0.060813
unsee,0.955411
unset,0.801422
untag,0.750523
untie,1.0
until,1.0
unwed,1.0
unzip,1.0
upend,1.0
upped,0.003896
upper,1.0
upset,1.0
urban,1.0
urged,0.003896
urges,0.003896
urine,1.0
usage,1.0
users,0.003896
usher,1.0
using,1.0
usual,1.0
usurp,1.0
usury,0.986086
utile,0.736992
utter,1.0
uvula,0.877061
vague,1.0
valet,1.0
valid,1.0
valor,0.99315
value,1.0
valve,1.0
vamps,0.003896
vampy,0.971953
vaped,0.003896
vapid,1.0
vapor,1.0
varna,0.003896
vases,0.003896
vault,1.0
vaunt,0.816387
veers,0.003896
vegan,1.0
vegas,0.003896
veils,0.003896
veins,0.003896
veiny,0.911774
veldt,0.904462
venal,1.0
venom,1.0
venti,0.967348
vents,0.003896
venue,1.0
venus,0.003896
verbs,0.003896
verde,0.003896
verge,1.0
versa,0.003896
verse,1.0
verso,0.902458
verve,1.0
vests,0.003896
vexed,0.003896
vials,0.003896
vibes,0.003896
vicar,1.0
vices,0.003896
vichy,0.003896
video,1.0
views,0.003896
vigil,1.0
vigor,1.0
villa,1.0
ville,0.003896
vined,0.003896
vines,0.003896
vinny,0.003896
vinyl,1.0
viola,1.0
viper,1.0
viral,1.0
virgo,0.003896
virus,1.0
visas,0.003896
visit,1.0
visor,1.0
vista,1.0
vital,1.0
vitro,1.0
vivid,1.0
vixen,0.990127
vocal,1.0
vodka,1.0
vogue,1.0
voice,1.0
voila,1.0
voile,0.968989
volta,0.003896
volts,0.003896
vomit,1.0
voted,0.003896
voter,1.0
votes,0.003896
vouch,1.0
vowed,0.003896
vowel,1.0
vroom,0.926242
vying,1.0
wacko,0.994431
wacky,1.0
waded,0.003896
wader,0.721877
wafer,1.0
wafts,0.003896
waged,0.003896
wager,1.0
wages,0.003896
wagon,1.0
wails,0.003896
waist,1.0
waits,0.003896
waive,1.0
waked,0.003896
waken,0.870413
wakes,0.003896
wales,0.003896
walks,0.003896
walla,0.003896
walls,0.003896
wally,0.003896
waltz,1.0
wands,0.003896
waned,0.003896
wanes,0.003896
wanly,0.990889
wanna,0.003896
wants,0.003896
wards,0.003896
wares,0.003896
warms,0.003896
warns,0.003896
warts,0.003896
warty,0.948172
washy,0.003896
wasps,0.003896
waste,1.0
watch,1.0
water,1.0
watts,0.003896
waved,0.003896
waver,1.0
waves,0.003896
waxed,0.003896
waxen,0.948172
waxes,0.003896
wazoo,0.003896
wears,0.003896
weary,1.0
weave,1.0
weber,0.003896
wedge,1.0
weeds,0.003896
weedy,1.0
weeks,0.003896
weeny,0.003896
weeps,0.003896
weepy,1.0
weigh,1.0
weird,1.0
welch,0.003896
wells,0.003896
welsh,0.003896
wench,0.003896
whack,1.0
whale,1.0
wharf,1.0
whats,0.003896
wheat,1.0
wheel,1.0
whelk,0.908252
whelp,0.721877
where,1.0
which,1.0
whiff,1.0
while,1.0
whims,0.003896
whine,1.0
whiny,1.0
whips,0.003896
whirl,1.0
whirr,0.927457
whisk,1.0
whist,0.9309
white,1.0
whizz,0.840468
whole,1.0
whomp,0.913444
whoop,1.0
whore,0.003896
whorl,0.962056
whose,1.0
wicca,0.003896
wicks,0.003896
widen,1.0
wider,1.0
widow,1.0
width,1.0
wield,1.0
wigan,0.003896
wight,0.829263
wilco,0.003896
wilds,0.003896
wiled,0.003896
wiles,0.003896
wills,0.003896
willy,0.883085
wimps,0.003896
wimpy,1.0
wince,1.0
winch,0.987084
winds,0.003896
windy,1.0
wined,0.003896
wines,0.003896
winey,0.936046
wings,0.003896
winks,0.003896
wiped,0.003896
wiper,1.0
wipes,0.003896
wired,0.003896
wires,0.003896
wiser,1.0
wisps,0.003896
wispy,1.0
witch,1.0
witty,1.0
wives,0.003896
woken,1.0
woman,1.0
women,1.0
wonky,1.0
woods,0.003896
woody,1.0
wooed,0.003896
wooer,0.76271
wooly,0.967006
woozy,1.0
words,0.003896
wordy,1.0
works,0.003896
world,1.0
worms,0.003896
wormy,0.963288
worry,1.0
worse,1.0
worst,1.0
worth,1.0
would,1.0
wound,1.0
woven,1.0
wowed,0.003896
wrack,0.919587
wraps,0.003896
wrath,1.0
wreak,1.0
wreck,1.0
wrest,1.0
wring,1.0
wrist,1.0
write,1.0
wrong,1.0
wrote,1.0
wrung,1.0
wryly,1.0
wurst,0.955411
xenon,0.968018
xerox,0.003896
yacht,1.0
yahoo,0.97575
yanks,0.003896
yappy,0.935071
yards,0.003896
yarns,0.003896
yawns,0.003896
yearn,1.0
years,0.003896
yeast,1.0
yells,0.003896
yield,1.0
yikes,0.003896
yodel,0.968346
yoked,0.003896
yokel,0.946784
young,1.0
yours,0.003896
youse,0.003896
youth,1.0
yucca,0.99856
yucky,0.984742
yummy,1.0
zebra,1.0
zeros,0.003896
zesty,1.0
zilch,0.9725
zippy,1.0
zonal,0.859036
zoned,0.003896
zones,0.003896
zorro,0.003896
